Id,SalePrice,OverallQual,GrLivArea,FullBath,YearBuilt,GarageCars,GarageArea,ExterQual,BsmtQual
1,208500.0,7,1710,2,2003,2.0,548.0,2,2
2,181500.0,6,1262,2,1976,2.0,460.0,3,2
3,223500.0,7,1786,2,2001,2.0,608.0,2,2
4,140000.0,7,1717,1,1915,3.0,642.0,3,3
5,250000.0,8,2198,2,2000,3.0,836.0,2,2
6,143000.0,5,1362,1,1993,2.0,480.0,3,2
7,307000.0,8,1694,2,2004,2.0,636.0,2,0
8,200000.0,7,2090,2,1973,2.0,484.0,3,2
9,129900.0,7,1774,2,1931,2.0,468.0,3,3
10,118000.0,5,1077,1,1939,1.0,205.0,3,3
11,129500.0,5,1040,1,1965,1.0,384.0,3,3
12,345000.0,9,2324,3,2005,3.0,736.0,0,0
13,144000.0,5,912,1,1962,1.0,352.0,3,3
14,279500.0,7,1494,2,2006,3.0,840.0,2,2
15,157000.0,6,1253,1,1960,1.0,352.0,3,3
16,132000.0,7,854,1,1929,2.0,576.0,3,3
17,149000.0,6,1004,1,1970,2.0,480.0,3,3
18,90000.0,4,1296,2,1967,2.0,516.0,3,4
19,159000.0,5,1114,1,2004,2.0,576.0,3,3
20,139000.0,5,1339,1,1958,1.0,294.0,3,3
21,325300.0,8,2376,3,2005,3.0,853.0,2,0
22,139400.0,7,1108,1,1930,1.0,280.0,3,3
23,230000.0,8,1795,2,2002,2.0,534.0,2,2
24,129900.0,5,1060,1,1976,2.0,572.0,3,2
25,154000.0,5,1060,1,1968,1.0,270.0,3,3
26,256300.0,8,1600,2,2007,3.0,890.0,2,2
27,134800.0,5,900,1,1951,2.0,576.0,3,3
28,306000.0,8,1704,2,2007,3.0,772.0,2,0
29,207500.0,5,1600,1,1957,1.0,319.0,3,3
30,68500.0,4,520,1,1927,1.0,240.0,3,3
31,40000.0,4,1317,1,1920,1.0,250.0,3,3
32,149350.0,5,1228,1,1966,1.0,271.0,3,3
33,179900.0,8,1234,2,2007,2.0,484.0,2,0
34,165500.0,5,1700,1,1959,2.0,447.0,3,3
35,277500.0,9,1561,2,2005,2.0,556.0,0,0
36,309000.0,8,2452,3,2004,3.0,691.0,2,0
37,145000.0,5,1097,1,1994,2.0,672.0,3,2
38,153000.0,5,1297,1,1954,2.0,498.0,3,3
39,109000.0,5,1057,1,1953,1.0,246.0,3,3
40,82000.0,4,1152,2,1955,0.0,0.0,3,4
41,160000.0,6,1324,2,1965,2.0,440.0,3,3
42,170000.0,5,1328,1,1959,1.0,308.0,3,3
43,144000.0,5,884,1,1983,2.0,504.0,3,2
44,130250.0,5,938,1,1975,1.0,308.0,3,2
45,141000.0,5,1150,1,1959,1.0,300.0,3,3
46,319900.0,9,1752,2,2005,2.0,576.0,0,0
47,239686.0,7,2149,1,2003,2.0,670.0,2,0
48,249700.0,8,1656,2,2006,3.0,826.0,2,2
49,113000.0,4,1452,2,1920,0.0,0.0,3,3
50,127000.0,5,955,1,1966,1.0,386.0,3,3
51,177000.0,6,1470,2,1997,2.0,388.0,3,2
52,114500.0,6,1176,1,1934,2.0,528.0,3,3
53,110000.0,5,816,1,1963,2.0,516.0,1,2
54,385000.0,9,1842,0,1981,3.0,894.0,2,0
55,130000.0,5,1360,1,1955,2.0,572.0,3,3
56,180500.0,6,1425,2,1964,2.0,576.0,3,3
57,172500.0,8,1739,2,1999,2.0,480.0,2,2
58,196500.0,7,1720,2,2004,2.0,565.0,2,2
59,438780.0,10,2945,3,2006,3.0,641.0,0,0
60,124900.0,5,780,1,1972,1.0,352.0,3,3
61,158000.0,6,1158,1,2004,2.0,576.0,3,2
62,101000.0,5,1111,1,1920,1.0,288.0,3,3
63,202500.0,8,1370,2,2006,2.0,484.0,2,2
64,140000.0,7,1710,2,1921,2.0,480.0,3,3
65,219500.0,7,2034,2,1997,2.0,645.0,3,2
66,317000.0,8,2473,2,2004,3.0,852.0,2,0
67,180000.0,7,2207,2,1970,2.0,576.0,3,2
68,226000.0,7,1479,2,2003,2.0,558.0,2,2
69,80000.0,4,747,1,1945,1.0,220.0,3,3
70,225000.0,7,2287,2,1953,2.0,667.0,2,3
71,244000.0,7,2223,2,1973,2.0,516.0,3,2
72,129500.0,4,845,1,1982,2.0,360.0,3,3
73,185000.0,7,1718,2,1998,2.0,427.0,3,2
74,144900.0,5,1086,1,1954,2.0,490.0,3,3
75,107400.0,3,1605,2,1915,1.0,379.0,2,1
76,91000.0,4,988,1,1973,1.0,297.0,3,2
77,135750.0,4,952,1,1956,1.0,283.0,3,3
78,127000.0,5,1285,1,1948,1.0,240.0,3,3
79,136500.0,4,1768,2,1968,0.0,0.0,3,3
80,110000.0,5,1230,1,1910,2.0,440.0,3,3
81,193500.0,6,2142,2,1968,1.0,509.0,3,2
82,153500.0,6,1337,2,1998,2.0,405.0,3,0
83,245000.0,8,1563,2,2007,3.0,758.0,3,2
84,126500.0,5,1065,1,1960,2.0,461.0,3,3
85,168500.0,7,1474,2,1995,2.0,400.0,3,2
86,260000.0,8,2417,2,1991,2.0,462.0,2,2
87,174000.0,6,1560,2,2005,2.0,400.0,2,2
88,164500.0,6,1224,2,2009,2.0,528.0,2,2
89,85000.0,3,1526,1,1915,0.0,0.0,1,3
90,123600.0,4,990,1,1994,0.0,0.0,3,2
91,109900.0,4,1040,1,1950,2.0,420.0,3,4
92,98600.0,5,1235,1,1961,2.0,480.0,3,3
93,163500.0,5,964,1,1921,2.0,432.0,3,2
94,133900.0,6,2291,2,1910,2.0,506.0,3,3
95,204750.0,6,1786,2,1997,2.0,684.0,3,2
96,185000.0,6,1470,2,1993,2.0,420.0,0,2
97,214000.0,7,1588,2,1999,2.0,472.0,2,2
98,94750.0,4,960,1,1965,1.0,432.0,3,3
99,83000.0,5,835,1,1920,1.0,366.0,3,3
100,128950.0,4,1225,1,1959,0.0,0.0,3,3
101,205000.0,6,1610,2,1977,2.0,480.0,3,3
102,178000.0,6,1732,2,1985,2.0,476.0,2,2
103,118964.0,5,1535,2,1979,2.0,410.0,3,4
104,198900.0,7,1226,2,2009,3.0,740.0,3,2
105,169500.0,7,1818,1,1931,1.0,240.0,3,3
106,250000.0,8,1992,2,2003,2.0,648.0,2,0
107,100000.0,4,1047,1,1885,1.0,273.0,3,1
108,115000.0,5,789,1,1948,1.0,250.0,3,3
109,115000.0,5,1517,2,1919,0.0,0.0,3,3
110,190000.0,6,1844,2,1977,2.0,546.0,3,2
111,136900.0,6,1855,2,1954,1.0,325.0,3,3
112,180000.0,7,1430,2,2000,2.0,400.0,3,2
113,383970.0,7,2696,2,2007,3.0,792.0,2,0
114,217000.0,6,2259,2,1953,2.0,450.0,3,2
115,259500.0,6,2320,2,1945,1.0,180.0,3,3
116,176000.0,6,1458,2,1999,2.0,440.0,3,2
117,139000.0,5,1092,1,1962,1.0,288.0,3,3
118,155000.0,5,1125,1,2006,2.0,430.0,3,2
119,320000.0,7,3222,3,1990,3.0,594.0,3,2
120,163990.0,6,1456,2,2005,2.0,390.0,2,2
121,180000.0,6,988,1,1969,2.0,540.0,3,3
122,100000.0,4,1123,1,1939,1.0,264.0,3,3
123,136000.0,6,1080,1,1958,1.0,288.0,3,3
124,153900.0,6,1199,2,1993,2.0,530.0,2,2
125,181000.0,6,1586,2,1979,2.0,435.0,3,2
126,84500.0,6,754,1,1935,0.0,0.0,3,3
127,128000.0,6,958,2,1976,2.0,440.0,3,2
128,87000.0,5,840,1,1930,0.0,0.0,3,3
129,155000.0,6,1348,1,1966,2.0,453.0,3,3
130,150000.0,5,1053,1,1958,2.0,750.0,3,3
131,226000.0,7,2157,2,1966,2.0,487.0,3,3
132,244000.0,6,2054,2,2000,2.0,390.0,2,2
133,150750.0,5,1327,1,1959,2.0,624.0,3,3
134,220000.0,8,1296,2,2001,2.0,471.0,2,0
135,180000.0,5,1721,2,1968,2.0,440.0,3,3
136,174000.0,7,1682,2,1970,2.0,530.0,3,3
137,143000.0,5,1214,2,1967,1.0,318.0,3,3
138,171000.0,7,1959,3,1988,3.0,766.0,3,3
139,230000.0,8,1852,2,1999,3.0,660.0,2,2
140,231500.0,6,1764,2,1997,2.0,470.0,3,2
141,115000.0,4,864,1,1971,0.0,0.0,3,3
142,260000.0,7,1734,2,2005,2.0,660.0,2,2
143,166000.0,5,1385,2,1952,2.0,720.0,3,3
144,204000.0,7,1501,2,1999,2.0,577.0,2,2
145,125000.0,5,1728,2,1963,2.0,504.0,3,3
146,130000.0,6,1709,2,2004,2.0,380.0,2,2
147,105000.0,5,875,1,1931,1.0,180.0,3,3
148,222500.0,7,2035,2,2001,2.0,434.0,2,2
149,141000.0,7,1080,1,2004,0.0,0.0,3,2
150,115000.0,5,1344,1,1936,1.0,240.0,3,2
151,122000.0,5,969,1,1975,2.0,440.0,3,3
152,372402.0,8,1710,2,2007,3.0,866.0,2,0
153,190000.0,6,1993,2,1971,2.0,495.0,3,3
154,235000.0,6,1252,1,1960,2.0,564.0,3,2
155,125000.0,6,1200,1,1923,1.0,312.0,3,3
156,79000.0,6,1096,1,1924,0.0,0.0,3,3
157,109500.0,5,1040,1,1950,2.0,625.0,3,4
158,269500.0,8,1968,2,2009,3.0,680.0,2,0
159,254900.0,7,1947,2,2004,2.0,678.0,2,2
160,320000.0,7,2462,2,2005,2.0,576.0,2,2
161,162500.0,6,1232,2,1984,2.0,516.0,3,2
162,412500.0,9,2668,2,2003,3.0,726.0,2,0
163,220000.0,7,1541,2,2005,2.0,532.0,2,2
164,103200.0,4,882,1,1956,0.0,0.0,3,3
165,152000.0,6,1616,2,1926,1.0,216.0,3,3
166,127500.0,5,1355,2,1940,0.0,0.0,3,3
167,190000.0,5,1867,1,1955,1.0,303.0,2,3
168,325624.0,8,2161,1,2007,3.0,789.0,2,0
169,183500.0,7,1720,2,2004,2.0,440.0,2,2
170,228000.0,8,1707,2,1981,2.0,511.0,2,2
171,128500.0,5,1382,1,1941,2.0,660.0,3,3
172,215000.0,6,1656,1,1960,2.0,528.0,3,3
173,239000.0,7,1767,2,1987,2.0,504.0,2,2
174,163000.0,6,1362,1,1961,2.0,504.0,3,3
175,184000.0,6,1651,2,1986,2.0,616.0,3,2
176,243000.0,6,2158,2,1950,2.0,576.0,3,3
177,211000.0,6,2060,2,1988,2.0,521.0,2,2
178,172500.0,5,1920,2,1958,2.0,451.0,2,3
179,501837.0,9,2234,2,2008,3.0,1166.0,0,0
180,100000.0,5,968,1,1923,2.0,480.0,2,3
181,177000.0,6,1525,2,2000,2.0,440.0,2,2
182,200100.0,7,1802,1,1920,1.0,216.0,3,1
183,120000.0,5,1340,1,1957,1.0,252.0,3,4
184,200000.0,7,2082,2,2003,2.0,484.0,3,2
185,127000.0,5,1252,1,1908,2.0,576.0,3,1
186,475000.0,10,3608,2,1892,3.0,840.0,2,3
187,173000.0,7,1217,2,1990,2.0,497.0,3,2
188,135000.0,5,1656,2,1916,1.0,180.0,3,1
189,153337.0,5,1224,0,1979,2.0,528.0,3,2
190,286000.0,8,1593,1,2001,2.0,682.0,2,0
191,315000.0,8,2727,2,1932,2.0,440.0,2,2
192,184000.0,7,1479,1,1972,2.0,484.0,3,3
193,192000.0,7,1431,2,1999,2.0,666.0,2,2
194,130000.0,7,1709,2,2004,2.0,380.0,2,2
195,127000.0,5,864,1,1972,1.0,352.0,3,3
196,148500.0,6,1456,2,1976,2.0,440.0,3,2
197,311872.0,7,1726,2,2007,3.0,786.0,0,0
198,235000.0,8,3112,2,1918,2.0,795.0,2,3
199,104000.0,6,2229,1,1912,0.0,0.0,3,3
200,274900.0,8,1713,2,2004,3.0,856.0,2,0
201,140000.0,4,1121,2,2003,2.0,440.0,3,2
202,171500.0,6,1279,2,1977,2.0,473.0,3,3
203,112000.0,6,1310,2,1924,1.0,398.0,3,1
204,149000.0,6,848,1,2004,2.0,420.0,2,2
205,110000.0,5,1284,1,1947,1.0,240.0,3,3
206,180500.0,7,1442,2,1990,2.0,500.0,3,2
207,143900.0,5,1696,1,1962,1.0,349.0,3,3
208,141000.0,4,1100,1,1960,1.0,312.0,3,3
209,277000.0,7,2062,2,1988,2.0,454.0,2,2
210,145000.0,6,1092,1,1964,2.0,504.0,3,2
211,98000.0,5,864,1,1925,0.0,0.0,3,3
212,186000.0,6,1212,2,2009,2.0,460.0,3,2
213,252678.0,7,1852,2,2009,2.0,644.0,3,2
214,156000.0,5,990,1,1995,2.0,576.0,3,2
215,161750.0,6,1392,1,1977,1.0,299.0,3,2
216,134450.0,5,1236,1,1957,1.0,447.0,3,3
217,210000.0,7,1436,2,2004,2.0,484.0,2,2
218,107000.0,4,1328,1,1925,1.0,210.0,3,3
219,311500.0,7,1954,1,1939,2.0,431.0,2,3
220,167240.0,7,1248,2,2005,2.0,438.0,2,2
221,204900.0,7,1498,2,2006,2.0,675.0,2,2
222,200000.0,6,2267,2,2002,2.0,390.0,2,2
223,179900.0,6,1552,2,1975,2.0,434.0,3,2
224,97000.0,4,864,1,1971,2.0,576.0,3,3
225,386250.0,10,2392,2,2003,3.0,968.0,0,0
226,112000.0,5,1302,2,1971,1.0,280.0,3,3
227,290000.0,7,2520,2,1995,3.0,721.0,2,2
228,106000.0,6,987,1,1970,1.0,280.0,3,3
229,125000.0,5,912,1,1967,1.0,336.0,3,3
230,192500.0,7,1555,2,2005,2.0,430.0,2,2
231,148000.0,6,1194,1,1959,1.0,312.0,3,3
232,403000.0,8,2794,2,1995,3.0,810.0,2,2
233,94500.0,6,987,1,1972,1.0,288.0,3,3
234,128200.0,5,894,1,1976,1.0,308.0,3,3
235,216500.0,6,1960,2,2002,2.0,440.0,2,2
236,89500.0,6,987,1,1971,1.0,264.0,3,3
237,185500.0,7,1414,2,2004,2.0,494.0,2,2
238,194500.0,7,1744,2,1993,2.0,457.0,2,2
239,318000.0,8,1694,2,2007,3.0,818.0,0,0
240,113000.0,6,1487,1,1945,1.0,220.0,3,3
241,262500.0,8,1566,2,2008,2.0,750.0,2,2
242,110500.0,5,866,1,1945,0.0,0.0,3,3
243,79000.0,5,1440,1,1900,1.0,352.0,3,3
244,120000.0,6,1217,1,1980,1.0,288.0,3,2
245,205000.0,7,2110,2,1994,2.0,463.0,2,2
246,241500.0,7,1872,2,1988,2.0,604.0,3,2
247,137000.0,6,1928,2,1910,1.0,440.0,3,1
248,140000.0,6,1375,1,1954,2.0,451.0,3,3
249,180000.0,7,1668,2,2003,2.0,500.0,2,2
250,277000.0,6,2144,2,1958,2.0,389.0,2,2
251,76500.0,3,1306,1,1940,0.0,0.0,3,3
252,235000.0,8,1625,2,2006,2.0,538.0,2,2
253,173000.0,6,1640,2,2004,2.0,520.0,2,2
254,158000.0,6,1302,2,1964,1.0,309.0,3,2
255,145000.0,5,1314,1,1957,1.0,294.0,3,3
256,230000.0,7,2291,2,1999,2.0,429.0,2,2
257,207500.0,6,1728,2,2003,2.0,673.0,2,2
258,220000.0,7,1604,2,2006,2.0,660.0,2,2
259,231500.0,7,1792,2,2001,2.0,564.0,2,2
260,97000.0,5,882,1,1956,1.0,308.0,3,4
261,176000.0,6,1382,1,1962,2.0,884.0,3,3
262,276000.0,8,2574,2,2007,3.0,868.0,2,0
263,151000.0,6,1212,1,1977,2.0,492.0,3,2
264,130000.0,5,1316,1,1929,2.0,484.0,3,3
265,73000.0,5,764,1,1925,2.0,504.0,3,1
266,175500.0,6,1422,2,1981,2.0,576.0,3,2
267,185000.0,6,1511,2,1997,2.0,413.0,3,2
268,179500.0,5,2192,2,1939,1.0,240.0,3,3
269,120500.0,5,778,1,1940,1.0,924.0,3,3
270,148000.0,6,1113,1,1976,1.0,504.0,3,3
271,266000.0,8,1939,2,2006,3.0,1053.0,2,2
272,241500.0,7,1363,1,1954,2.0,439.0,3,2
273,290000.0,8,2270,2,1999,3.0,671.0,2,2
274,139000.0,6,1632,2,1958,1.0,338.0,3,3
275,124500.0,5,816,1,1982,1.0,264.0,3,3
276,205000.0,7,1548,2,1925,2.0,672.0,2,3
277,201000.0,7,1560,2,2003,2.0,573.0,2,0
278,141000.0,4,864,1,1951,2.0,400.0,3,3
279,415298.0,9,2121,2,2006,3.0,732.0,0,0
280,192000.0,7,2022,2,1977,2.0,505.0,3,2
281,228500.0,7,1982,2,1989,2.0,575.0,2,2
282,185000.0,6,1262,2,2006,2.0,572.0,2,2
283,207500.0,7,1314,2,2007,2.0,626.0,2,2
284,244600.0,8,1468,2,2008,3.0,898.0,2,2
285,179200.0,6,1575,2,1992,2.0,529.0,2,2
286,164700.0,7,1250,2,2006,2.0,528.0,2,2
287,159000.0,6,1734,1,1962,2.0,440.0,3,3
288,88000.0,4,858,1,1971,0.0,0.0,3,3
289,122000.0,5,900,1,1967,1.0,280.0,3,3
290,153575.0,6,1396,1,1915,1.0,384.0,3,3
291,233230.0,8,1919,2,2006,2.0,685.0,2,2
292,135900.0,5,1716,2,1912,0.0,0.0,3,3
293,131000.0,5,1716,1,1949,1.0,281.0,3,3
294,235000.0,7,2263,2,1977,2.0,539.0,3,3
295,167000.0,6,1644,1,1953,2.0,418.0,3,3
296,142500.0,6,1003,1,1984,2.0,588.0,3,3
297,152000.0,5,1558,1,1950,1.0,282.0,3,3
298,239000.0,7,1950,2,1997,2.0,576.0,2,2
299,175000.0,6,1743,1,1968,2.0,539.0,2,3
300,158500.0,6,1152,1,1950,1.0,300.0,3,3
301,157000.0,5,1336,1,1953,1.0,375.0,3,3
302,267000.0,8,2452,2,1998,2.0,683.0,2,2
303,205000.0,7,1541,2,2001,3.0,843.0,2,2
304,149900.0,5,894,1,1972,2.0,552.0,3,3
305,295000.0,7,3493,3,1880,3.0,870.0,3,3
306,305900.0,8,2000,2,2004,3.0,888.0,2,2
307,225000.0,7,2243,2,1990,3.0,746.0,2,2
308,89500.0,6,1406,1,1920,0.0,0.0,3,3
309,82500.0,4,861,1,1940,2.0,539.0,3,3
310,360000.0,9,1944,2,2003,3.0,708.0,2,0
311,165600.0,6,1501,2,1993,2.0,420.0,3,2
312,132000.0,6,972,1,1948,1.0,240.0,3,3
313,119900.0,5,1118,1,1939,2.0,410.0,3,2
314,375000.0,7,2036,2,1965,2.0,513.0,3,2
315,178000.0,7,1641,1,1925,2.0,546.0,3,3
316,188500.0,7,1432,2,2004,2.0,432.0,2,2
317,260000.0,7,2353,2,1980,2.0,484.0,2,2
318,270000.0,8,1959,2,2006,3.0,1025.0,2,2
319,260000.0,7,2646,2,1993,3.0,656.0,2,2
320,187500.0,7,1472,2,1980,2.0,588.0,3,2
321,342643.0,9,2596,3,2006,3.0,840.0,3,0
322,354000.0,8,2468,2,2004,3.0,872.0,2,0
323,301000.0,7,2730,2,1986,2.0,576.0,2,3
324,126175.0,3,1163,1,1955,1.0,220.0,3,3
325,242000.0,7,2978,2,1967,2.0,564.0,2,2
326,87000.0,5,803,1,1941,2.0,360.0,3,3
327,324000.0,8,1719,1,1993,2.0,473.0,2,2
328,145250.0,6,1383,1,1960,1.0,292.0,3,3
329,214500.0,6,2134,2,1916,2.0,441.0,3,3
330,78000.0,5,1192,1,1920,1.0,189.0,3,3
331,119000.0,5,1728,2,1964,1.0,352.0,3,3
332,139000.0,5,1056,1,1958,1.0,308.0,3,3
333,284000.0,8,1629,2,2003,3.0,880.0,2,2
334,207000.0,7,1358,2,2004,2.0,484.0,2,2
335,192000.0,6,1638,2,1998,2.0,472.0,3,2
336,228950.0,5,1786,2,1965,2.0,529.0,3,3
337,377426.0,9,1922,2,2005,3.0,676.0,2,0
338,214000.0,7,1536,2,2002,2.0,532.0,2,2
339,202500.0,7,1621,2,1984,2.0,440.0,2,2
340,155000.0,6,1215,1,1958,1.0,297.0,3,3
341,202900.0,8,1908,2,2002,2.0,431.0,2,2
342,82000.0,4,841,1,1950,1.0,294.0,1,3
343,87500.0,3,1040,2,1949,2.0,400.0,3,4
344,266000.0,9,1684,2,2005,2.0,564.0,0,0
345,85000.0,5,1112,1,1976,1.0,336.0,3,2
346,140200.0,6,1577,1,1939,1.0,312.0,3,3
347,151500.0,6,958,1,1960,1.0,301.0,3,3
348,157500.0,6,1478,2,1960,2.0,498.0,3,3
349,154000.0,7,1626,2,2003,2.0,474.0,2,2
350,437154.0,9,2728,2,2005,3.0,706.0,0,0
351,318061.0,9,1869,2,2007,2.0,617.0,0,0
352,190000.0,7,1453,1,1986,2.0,445.0,3,2
353,95000.0,5,1111,1,1941,1.0,200.0,3,3
354,105900.0,6,720,1,1928,2.0,484.0,3,3
355,140000.0,6,1595,1,1940,1.0,240.0,3,3
356,177500.0,6,1200,2,1995,2.0,521.0,2,2
357,173000.0,6,1167,2,1992,2.0,400.0,3,2
358,134000.0,5,1142,1,1976,2.0,528.0,3,2
359,130000.0,5,1352,1,1958,1.0,288.0,3,3
360,280000.0,8,1924,2,1998,2.0,592.0,2,2
361,156000.0,6,912,1,1978,2.0,470.0,3,2
362,145000.0,5,1505,1,1940,1.0,240.0,3,3
363,198500.0,7,1922,3,2003,2.0,672.0,2,4
364,118000.0,6,987,1,1972,1.0,264.0,3,3
365,190000.0,6,1574,2,1976,2.0,566.0,3,2
366,147000.0,5,1344,1,1920,1.0,468.0,3,3
367,159000.0,6,1394,1,1963,2.0,514.0,3,2
368,165000.0,6,1431,1,1962,1.0,296.0,3,2
369,132000.0,5,1268,1,1954,1.0,244.0,3,3
370,162000.0,5,1287,1,1959,2.0,576.0,3,3
371,172400.0,6,1664,2,2000,2.0,460.0,3,2
372,134432.0,4,1588,2,1959,2.0,680.0,3,4
373,125000.0,6,752,1,1984,1.0,264.0,3,2
374,123000.0,5,1319,1,1953,1.0,270.0,3,3
375,219500.0,7,1928,2,2003,2.0,434.0,2,2
376,61000.0,1,904,0,1922,0.0,0.0,1,1
377,148000.0,5,914,1,1996,2.0,576.0,2,2
378,340000.0,8,2466,3,2004,2.0,610.0,2,2
379,394432.0,9,1856,1,2010,3.0,834.0,2,0
380,179000.0,6,1800,2,2000,2.0,463.0,3,2
381,127000.0,5,1691,2,1924,1.0,308.0,3,3
382,187750.0,7,1301,2,2006,2.0,572.0,2,2
383,213500.0,7,1797,2,2006,2.0,639.0,2,2
384,76000.0,6,784,1,1928,2.0,360.0,3,1
385,240000.0,6,1953,2,1992,2.0,501.0,2,2
386,192000.0,8,1269,2,2004,2.0,430.0,2,2
387,81000.0,5,1184,1,1910,0.0,0.0,3,3
388,125000.0,6,1125,1,1976,1.0,352.0,3,3
389,191000.0,7,1479,2,1999,2.0,577.0,2,2
390,426000.0,10,2332,2,2007,3.0,846.0,0,0
391,119000.0,5,1367,1,1900,1.0,384.0,3,3
392,215000.0,6,1961,2,2001,2.0,560.0,3,0
393,106500.0,5,882,1,1959,1.0,294.0,3,4
394,100000.0,4,788,1,1941,0.0,0.0,3,3
395,109000.0,5,1034,1,1940,1.0,240.0,3,3
396,129000.0,5,1144,1,1956,1.0,596.0,3,3
397,123000.0,5,894,1,1972,2.0,600.0,3,3
398,169500.0,5,1812,2,1962,1.0,264.0,3,3
399,67000.0,5,1077,1,1920,1.0,338.0,3,1
400,241000.0,7,1550,2,2006,2.0,438.0,2,2
401,245500.0,8,1288,1,1996,2.0,500.0,2,2
402,164990.0,7,1310,2,2005,2.0,400.0,2,2
403,108000.0,5,672,1,1940,1.0,240.0,3,3
404,258000.0,8,2263,2,1998,2.0,420.0,2,2
405,168000.0,6,1572,2,1995,2.0,373.0,3,2
406,150000.0,4,1620,2,1976,2.0,490.0,3,3
407,115000.0,6,1639,1,1936,1.0,240.0,3,3
408,177000.0,6,1680,2,1915,1.0,308.0,3,2
409,280000.0,7,2172,2,2006,3.0,947.0,2,0
410,339750.0,8,2078,2,2007,3.0,836.0,2,0
411,60000.0,5,1276,1,1958,1.0,350.0,3,3
412,145000.0,5,1056,1,1955,2.0,572.0,3,3
413,222000.0,7,1478,2,2009,2.0,484.0,0,0
414,115000.0,5,1028,1,1927,2.0,360.0,3,3
415,228000.0,7,2097,2,1993,3.0,678.0,2,2
416,181134.0,7,1340,2,2007,2.0,396.0,2,2
417,149500.0,6,1400,1,1978,2.0,440.0,3,3
418,239000.0,6,2624,2,1918,3.0,864.0,3,2
419,126000.0,5,1134,1,1940,1.0,240.0,3,3
420,142000.0,5,1056,1,1968,1.0,304.0,3,3
421,206300.0,7,1344,2,1997,4.0,784.0,3,2
422,215000.0,6,1602,2,1977,2.0,529.0,2,2
423,113000.0,5,988,1,1954,2.0,520.0,3,3
424,315000.0,8,2630,2,1998,3.0,696.0,2,2
425,139000.0,6,1196,1,1956,1.0,297.0,3,2
426,135000.0,7,1389,1,1946,1.0,240.0,3,3
427,275000.0,7,1644,2,1989,2.0,569.0,2,2
428,109008.0,4,907,1,1957,1.0,352.0,3,3
429,195400.0,7,1208,2,2007,2.0,628.0,2,2
430,175000.0,6,1412,2,1988,2.0,576.0,3,2
431,85400.0,6,987,1,1971,1.0,264.0,3,3
432,79900.0,6,1198,1,1920,0.0,0.0,3,3
433,122500.0,5,1365,1,1971,2.0,440.0,3,3
434,181000.0,6,1604,2,1997,2.0,470.0,3,2
435,81000.0,4,630,1,1972,0.0,0.0,3,2
436,212000.0,7,1661,2,1996,2.0,550.0,2,2
437,116000.0,6,1118,1,1920,2.0,440.0,3,1
438,119000.0,6,904,1,1926,1.0,180.0,2,3
439,90350.0,5,694,1,1913,1.0,352.0,3,3
440,110000.0,6,1196,1,1920,2.0,528.0,3,3
441,555000.0,10,2402,2,2008,3.0,672.0,0,0
442,118000.0,4,1440,2,1955,0.0,0.0,3,3
443,162900.0,5,1573,2,1930,2.0,360.0,3,3
444,172500.0,7,1258,2,2006,3.0,648.0,2,0
445,210000.0,7,1908,2,1994,2.0,493.0,2,2
446,127500.0,6,1689,1,1956,2.0,480.0,3,3
447,190000.0,6,1888,2,1966,2.0,578.0,2,3
448,199900.0,7,1886,2,1998,2.0,431.0,2,2
449,119500.0,6,1376,2,1937,1.0,198.0,3,3
450,120000.0,3,1183,1,1948,1.0,308.0,3,3
451,110000.0,6,813,1,1930,1.0,270.0,3,3
452,280000.0,7,1533,2,1975,2.0,576.0,3,2
453,204000.0,6,1756,2,1996,2.0,422.0,2,0
454,210000.0,8,1590,2,2008,2.0,676.0,2,2
455,188000.0,5,1728,2,1976,2.0,560.0,3,3
456,175500.0,7,1242,1,1973,2.0,528.0,3,3
457,98000.0,5,1344,1,1916,3.0,513.0,3,3
458,256000.0,4,1663,1,1954,2.0,529.0,3,2
459,161000.0,8,1666,1,1925,1.0,228.0,3,3
460,110000.0,5,1203,1,1950,1.0,352.0,3,3
461,263435.0,8,1935,2,2009,2.0,552.0,2,2
462,155000.0,7,1135,1,1936,2.0,576.0,2,2
463,62383.0,5,864,1,1965,1.0,360.0,3,3
464,188700.0,6,1660,1,1934,1.0,240.0,3,3
465,124000.0,5,1040,2,1978,0.0,0.0,3,2
466,178740.0,7,1414,2,2004,2.0,398.0,2,2
467,167000.0,7,1277,1,1970,2.0,526.0,3,3
468,146500.0,5,1644,1,1942,1.0,312.0,3,3
469,250000.0,8,1634,2,2006,3.0,866.0,2,2
470,187000.0,6,1710,2,1993,2.0,506.0,2,2
471,212000.0,8,1502,1,1985,2.0,528.0,2,2
472,190000.0,7,1969,2,1977,2.0,534.0,3,2
473,148000.0,6,1072,1,2005,2.0,525.0,3,2
474,440000.0,8,1976,2,2006,3.0,908.0,2,0
475,251000.0,8,1652,2,2000,2.0,499.0,2,2
476,132500.0,5,970,1,1963,2.0,624.0,3,3
477,208900.0,6,1493,2,1997,2.0,508.0,3,2
478,380000.0,9,2643,2,2006,3.0,694.0,0,2
479,297000.0,8,1718,2,2007,3.0,826.0,2,0
480,89471.0,4,1131,1,1937,2.0,672.0,3,1
481,326000.0,9,1850,2,2004,3.0,772.0,2,0
482,374000.0,9,1792,2,2003,3.0,874.0,2,0
483,155000.0,7,1826,1,1915,1.0,164.0,2,3
484,164000.0,6,1216,2,1998,2.0,402.0,3,0
485,132500.0,5,999,1,1962,1.0,264.0,3,3
486,147000.0,5,1113,1,1950,1.0,264.0,2,3
487,156000.0,5,1073,1,1965,2.0,515.0,3,3
488,175000.0,5,1484,2,1971,2.0,487.0,3,2
489,160000.0,5,2414,2,1900,2.0,520.0,3,3
490,86000.0,4,630,1,1970,1.0,286.0,3,2
491,115000.0,5,1304,1,1976,1.0,336.0,3,2
492,133000.0,6,1578,1,1941,1.0,240.0,3,3
493,172785.0,6,1456,2,2006,2.0,429.0,2,2
494,155000.0,5,1269,1,1960,1.0,308.0,3,3
495,91300.0,5,886,1,1938,1.0,273.0,3,1
496,34900.0,4,720,1,1920,0.0,0.0,3,3
497,430000.0,8,3228,3,1992,2.0,546.0,2,2
498,184000.0,7,1820,2,1925,1.0,240.0,3,3
499,130000.0,5,899,1,1967,1.0,288.0,3,3
500,120000.0,5,912,1,1958,1.0,297.0,3,3
501,113000.0,6,1218,1,1973,1.0,264.0,3,3
502,226700.0,7,1768,2,2005,2.0,603.0,2,2
503,140000.0,5,1214,1,1965,2.0,461.0,3,3
504,289000.0,7,1801,2,1959,2.0,484.0,3,3
505,147000.0,6,1322,2,1974,2.0,440.0,3,3
506,124500.0,5,1960,2,1952,2.0,400.0,3,3
507,215000.0,8,1911,2,1993,2.0,471.0,2,2
508,208300.0,6,1218,2,2009,2.0,676.0,2,2
509,161000.0,7,1378,2,1928,2.0,360.0,3,3
510,124500.0,5,1041,1,1959,1.0,270.0,3,3
511,164900.0,5,1363,1,1951,1.0,288.0,2,3
512,202665.0,7,1368,2,2005,2.0,474.0,2,2
513,129900.0,5,864,1,1958,2.0,624.0,3,3
514,134000.0,6,1080,1,1983,2.0,484.0,3,3
515,96500.0,5,789,1,1926,1.0,200.0,3,3
516,402861.0,10,2020,2,2009,3.0,900.0,0,0
517,158000.0,6,2119,2,1972,2.0,583.0,3,3
518,265000.0,7,2344,2,1996,3.0,889.0,2,2
519,211000.0,6,1796,2,1998,2.0,546.0,3,2
520,234000.0,7,2080,1,1926,1.0,282.0,2,2
521,106250.0,4,1294,2,1900,0.0,0.0,3,4
522,150000.0,6,1244,1,1957,1.0,336.0,3,3
523,159000.0,6,1664,2,1947,2.0,420.0,3,3
524,184750.0,10,4676,3,2007,3.0,884.0,0,0
525,315750.0,7,2398,2,1996,3.0,834.0,2,2
526,176000.0,7,1266,2,2005,2.0,453.0,2,2
527,132000.0,5,928,1,1956,1.0,252.0,3,2
528,446261.0,9,2713,2,2008,3.0,858.0,0,0
529,86000.0,4,605,1,1920,0.0,0.0,3,3
530,200624.0,6,2515,3,1957,2.0,484.0,2,3
531,175000.0,6,1509,2,1988,2.0,600.0,2,2
532,128000.0,6,1362,2,1920,2.0,502.0,3,1
533,107500.0,5,827,1,1955,1.0,392.0,3,4
534,39300.0,1,334,1,1946,0.0,0.0,1,4
535,178000.0,8,1414,2,2004,2.0,403.0,2,0
536,107500.0,5,1347,1,1910,0.0,0.0,3,2
537,188000.0,7,1724,2,1998,2.0,527.0,3,2
538,111250.0,4,864,1,1972,2.0,576.0,3,3
539,158000.0,5,1159,1,1968,1.0,336.0,3,3
540,272000.0,8,1601,2,2001,2.0,670.0,2,2
541,315000.0,9,1838,2,2006,3.0,765.0,0,0
542,248000.0,8,2285,2,2000,3.0,648.0,2,2
543,213250.0,7,1680,2,1998,2.0,583.0,2,0
544,133000.0,7,767,1,1998,1.0,367.0,3,2
545,179665.0,7,1496,2,2006,2.0,426.0,2,2
546,229000.0,7,2183,2,1988,3.0,786.0,2,2
547,210000.0,6,1635,1,1923,2.0,440.0,3,2
548,129500.0,5,768,1,1970,2.0,624.0,3,2
549,125000.0,5,825,1,1955,2.0,720.0,3,3
550,263000.0,7,2094,2,2003,2.0,615.0,2,2
551,140000.0,6,1069,2,1977,2.0,440.0,3,2
552,112500.0,5,928,1,1957,1.0,288.0,3,3
553,255500.0,8,1717,2,2006,3.0,908.0,2,0
554,108000.0,4,1126,2,1949,2.0,520.0,3,4
555,284000.0,7,2046,2,2003,3.0,871.0,2,2
556,113000.0,5,1048,1,1922,1.0,280.0,3,3
557,141000.0,5,1092,1,1957,1.0,299.0,3,3
558,108000.0,4,1336,1,1920,1.0,570.0,3,3
559,175000.0,7,1446,2,1996,2.0,406.0,3,2
560,234000.0,7,1557,2,2003,2.0,420.0,2,2
561,121500.0,5,1392,1,1957,2.0,528.0,3,2
562,170000.0,5,1389,1,1974,2.0,418.0,3,2
563,108000.0,5,996,1,1940,0.0,0.0,3,3
564,185000.0,6,1674,2,1918,2.0,396.0,3,2
565,268000.0,7,2295,2,1992,2.0,590.0,2,2
566,128000.0,6,1647,1,1915,1.0,216.0,3,2
567,325000.0,9,2504,2,2005,3.0,656.0,2,2
568,214000.0,7,1535,2,2004,2.0,532.0,2,2
569,316600.0,8,2132,1,1983,2.0,612.0,2,2
570,135960.0,5,943,1,1979,2.0,600.0,3,2
571,142600.0,5,1728,2,1965,2.0,576.0,3,3
572,120000.0,6,864,1,1959,1.0,288.0,3,3
573,224500.0,7,1692,2,2009,2.0,650.0,3,0
574,170000.0,7,1430,2,2000,2.0,400.0,3,2
575,139000.0,5,1109,1,1971,1.0,288.0,3,3
576,118500.0,5,1216,1,1947,1.0,336.0,3,3
577,145000.0,7,1477,2,1928,1.0,216.0,3,3
578,164500.0,5,1320,1,1966,2.0,564.0,3,3
579,146000.0,7,1392,2,2007,2.0,540.0,2,2
580,131500.0,5,1795,2,1954,1.0,352.0,3,3
581,181900.0,6,1429,1,1960,2.0,572.0,3,3
582,253293.0,8,2042,2,2008,3.0,1390.0,0,0
583,118500.0,6,816,1,1990,0.0,0.0,3,2
584,325000.0,10,2775,3,1893,2.0,880.0,0,3
585,133000.0,4,1573,1,1935,1.0,240.0,3,3
586,369900.0,8,2028,2,2005,3.0,880.0,2,0
587,130000.0,6,838,1,1918,1.0,275.0,3,3
588,137000.0,5,860,1,1982,2.0,528.0,3,3
589,143000.0,5,1473,1,1968,1.0,452.0,3,3
590,79500.0,5,935,1,1930,1.0,308.0,3,3
591,185900.0,7,1582,2,2004,2.0,520.0,2,2
592,451950.0,10,2296,2,2008,3.0,842.0,0,0
593,138000.0,5,816,1,1982,2.0,816.0,3,3
594,140000.0,6,848,1,2003,2.0,420.0,2,2
595,110000.0,5,924,1,1975,1.0,280.0,3,2
596,319000.0,8,1826,2,2005,3.0,758.0,2,2
597,114504.0,6,1368,1,1910,1.0,216.0,3,3
598,194201.0,7,1402,0,2006,3.0,648.0,2,0
599,217500.0,5,1647,2,1977,2.0,621.0,3,2
600,151000.0,6,1556,2,1980,2.0,452.0,3,2
601,275000.0,8,1904,2,2005,2.0,736.0,2,2
602,141000.0,6,1375,1,1937,1.0,544.0,3,3
603,220000.0,8,1915,2,1992,2.0,506.0,2,2
604,151000.0,7,1200,2,2004,2.0,480.0,2,2
605,221000.0,7,1494,2,2002,2.0,530.0,2,2
606,205000.0,7,1986,2,1965,2.0,486.0,3,3
607,152000.0,5,1040,1,1996,2.0,576.0,3,2
608,225000.0,5,2008,3,1948,1.0,230.0,3,3
609,359100.0,8,3194,2,1934,2.0,380.0,3,2
610,118500.0,4,1029,1,1961,1.0,261.0,3,3
611,313000.0,9,2153,2,2000,3.0,736.0,2,0
612,148000.0,6,1032,2,1978,2.0,564.0,3,2
613,261500.0,8,1872,2,2001,2.0,531.0,2,2
614,147000.0,5,1120,1,2007,0.0,0.0,3,2
615,75500.0,4,630,1,1972,0.0,0.0,3,2
616,137500.0,6,1054,1,1963,2.0,480.0,3,3
617,183200.0,6,1509,2,2002,2.0,393.0,2,2
618,105500.0,6,832,1,1954,2.0,528.0,3,3
619,314813.0,9,1828,2,2007,3.0,774.0,0,0
620,305000.0,8,2262,2,2003,3.0,749.0,2,2
621,67000.0,3,864,1,1914,0.0,0.0,3,3
622,240000.0,6,2614,2,1974,2.0,624.0,3,3
623,135000.0,5,980,1,1977,2.0,484.0,3,3
624,168500.0,6,1512,2,2000,2.0,440.0,2,2
625,165150.0,6,1790,1,1972,2.0,484.0,3,3
626,160000.0,6,1116,1,1962,2.0,440.0,3,3
627,139900.0,5,1422,1,1960,1.0,286.0,3,3
628,153000.0,6,1520,1,1955,1.0,364.0,3,3
629,135000.0,5,2080,1,1969,2.0,504.0,3,2
630,168500.0,6,1350,1,1964,2.0,520.0,3,3
631,124000.0,5,1750,1,1880,1.0,240.0,3,1
632,209500.0,8,1554,2,2006,2.0,627.0,2,2
633,82500.0,7,1411,2,1977,2.0,544.0,3,3
634,139400.0,5,1056,1,1954,1.0,260.0,3,3
635,144000.0,6,1056,0,1980,2.0,576.0,3,3
636,200000.0,6,3395,2,1914,0.0,0.0,1,3
637,60000.0,2,800,1,1936,0.0,0.0,1,3
638,93000.0,5,1387,2,1954,1.0,256.0,3,3
639,85000.0,5,796,1,1910,0.0,0.0,3,1
640,264561.0,8,1567,2,2006,3.0,648.0,2,2
641,274000.0,8,1518,1,2003,2.0,588.0,0,0
642,226000.0,7,1929,2,2001,2.0,650.0,2,2
643,345000.0,8,2704,2,1972,2.0,538.0,2,2
644,152000.0,5,1620,2,1969,2.0,462.0,3,3
645,370878.0,9,1766,2,2009,3.0,478.0,0,0
646,143250.0,6,981,1,1971,2.0,576.0,3,3
647,98300.0,5,1048,1,1950,2.0,420.0,3,4
648,155000.0,6,1094,1,1953,2.0,495.0,3,3
649,155000.0,6,1839,1,1966,2.0,442.0,3,3
650,84500.0,4,630,1,1970,0.0,0.0,3,2
651,205950.0,7,1665,2,2007,2.0,562.0,2,2
652,108000.0,4,1510,1,1940,1.0,296.0,3,3
653,191000.0,7,1716,2,1996,2.0,512.0,2,2
654,135000.0,6,1469,1,1906,1.0,216.0,3,3
655,350000.0,8,2113,2,1995,3.0,839.0,2,2
656,88000.0,6,1092,1,1971,1.0,264.0,3,3
657,145500.0,5,1053,1,1959,1.0,312.0,2,3
658,149000.0,7,1502,1,1931,1.0,270.0,3,2
659,97500.0,6,1458,1,1948,1.0,330.0,3,3
660,167000.0,5,1486,1,1964,2.0,480.0,3,3
661,197900.0,7,1935,2,1976,2.0,550.0,3,2
662,402000.0,8,2448,2,1994,3.0,711.0,2,2
663,110000.0,6,1392,1,1968,2.0,576.0,3,1
664,137500.0,4,1181,2,1972,2.0,588.0,3,2
665,423000.0,8,2097,1,2005,3.0,1134.0,2,0
666,230500.0,8,1936,2,2000,2.0,504.0,2,2
667,129000.0,6,2380,2,1965,2.0,596.0,3,2
668,193500.0,6,1679,2,1994,2.0,575.0,3,2
669,168000.0,5,1437,1,1956,2.0,576.0,3,3
670,137500.0,4,1180,1,1922,1.0,252.0,3,1
671,173500.0,6,1476,2,2005,2.0,540.0,2,2
672,103600.0,6,1369,2,1925,1.0,300.0,3,3
673,165000.0,6,1208,1,1977,2.0,546.0,2,2
674,257500.0,6,1839,2,1957,2.0,416.0,3,3
675,140000.0,6,1136,1,1965,1.0,384.0,3,3
676,148500.0,6,1441,2,1978,2.0,440.0,3,3
677,87000.0,4,1774,2,1900,3.0,779.0,3,3
678,109500.0,5,792,1,1924,1.0,240.0,2,3
679,372500.0,8,2046,2,2008,3.0,834.0,2,0
680,128500.0,5,988,1,1961,2.0,572.0,3,3
681,143000.0,6,923,2,1980,1.0,264.0,3,2
682,159434.0,5,1520,1,1932,1.0,281.0,3,3
683,173000.0,6,1291,1,1996,2.0,431.0,3,2
684,285000.0,9,1668,2,2002,3.0,702.0,2,2
685,221000.0,7,1839,2,1998,2.0,486.0,2,2
686,207500.0,7,2090,2,1984,2.0,577.0,2,2
687,227875.0,7,1761,3,2007,2.0,578.0,2,2
688,148800.0,7,1102,2,2004,2.0,480.0,2,2
689,392000.0,8,1419,2,2007,2.0,567.0,2,2
690,194700.0,6,1362,2,2005,2.0,460.0,2,2
691,141000.0,6,848,1,2004,2.0,420.0,2,2
692,755000.0,10,4316,3,1994,3.0,832.0,0,0
693,335000.0,7,2519,2,1989,2.0,628.0,2,2
694,108480.0,5,1073,1,1921,1.0,326.0,3,3
695,141500.0,5,1539,1,1936,2.0,576.0,3,3
696,176000.0,6,1137,2,1987,2.0,551.0,3,2
697,89000.0,5,616,1,1921,1.0,205.0,3,3
698,123500.0,5,1148,1,1952,1.0,308.0,3,0
699,138500.0,5,894,1,1965,1.0,336.0,3,3
700,196000.0,7,1391,2,2004,2.0,530.0,2,2
701,312500.0,8,1800,2,2002,3.0,765.0,2,0
702,140000.0,7,1164,1,1969,2.0,528.0,3,3
703,361919.0,8,2576,2,2006,3.0,666.0,0,0
704,140000.0,5,1812,2,1900,2.0,672.0,3,2
705,213000.0,7,1484,2,2004,2.0,606.0,2,2
706,55000.0,4,1092,2,1930,0.0,0.0,1,4
707,302000.0,7,1824,2,1971,2.0,739.0,3,2
708,254000.0,8,1324,2,2006,2.0,550.0,2,2
709,179540.0,7,1456,2,2007,2.0,400.0,2,2
710,109900.0,5,904,1,1966,1.0,408.0,3,3
711,52000.0,3,729,1,1935,0.0,0.0,2,3
712,102776.0,4,1178,1,1900,1.0,384.0,3,3
713,189000.0,8,1228,2,1988,2.0,472.0,2,2
714,129000.0,4,960,1,1970,2.0,576.0,3,3
715,130500.0,6,1479,2,1976,2.0,475.0,2,3
716,165000.0,6,1350,2,1974,2.0,478.0,3,2
717,159500.0,7,2554,1,1890,2.0,704.0,3,3
718,157000.0,5,1178,1,1973,2.0,439.0,3,2
719,341000.0,7,2418,2,1993,3.0,983.0,2,2
720,128500.0,5,971,1,1969,1.0,300.0,3,2
721,275000.0,8,1742,2,1985,2.0,564.0,2,2
722,143000.0,6,848,1,2004,2.0,420.0,2,2
723,124500.0,4,864,1,1970,2.0,463.0,3,3
724,135000.0,4,1470,2,1954,1.0,548.0,3,3
725,320000.0,9,1698,2,2007,3.0,768.0,0,0
726,120500.0,4,864,1,1970,2.0,660.0,3,3
727,222000.0,6,1680,2,1988,2.0,540.0,2,2
728,194500.0,7,1232,2,2007,2.0,632.0,2,2
729,110000.0,5,1776,2,1958,3.0,888.0,3,3
730,103000.0,4,1208,1,1925,2.0,539.0,3,3
731,236500.0,8,1616,2,1995,2.0,608.0,2,2
732,187500.0,7,1146,2,2003,2.0,438.0,2,0
733,222500.0,7,2031,2,1998,2.0,541.0,2,2
734,131400.0,5,1144,1,1961,1.0,264.0,3,3
735,108000.0,5,948,1,1968,1.0,300.0,3,3
736,163000.0,7,1768,1,1914,2.0,320.0,3,2
737,93500.0,3,1040,2,1950,2.0,400.0,3,4
738,239900.0,8,1801,2,2005,3.0,800.0,2,2
739,179000.0,5,1200,3,1987,0.0,0.0,3,2
740,190000.0,7,1728,2,2004,2.0,572.0,2,2
741,132000.0,5,1432,2,1910,2.0,360.0,3,1
742,142000.0,6,912,1,1961,1.0,288.0,3,3
743,179000.0,7,1349,2,2000,2.0,539.0,3,2
744,175000.0,5,1464,2,1963,2.0,480.0,3,2
745,180000.0,8,1337,2,1993,2.0,462.0,2,2
746,299800.0,8,2715,3,1976,2.0,831.0,0,3
747,236000.0,7,2256,2,2000,2.0,554.0,2,2
748,265979.0,7,2640,1,1880,4.0,864.0,2,3
749,260400.0,7,1720,2,1996,2.0,527.0,2,2
750,98000.0,4,1529,2,1945,1.0,240.0,3,4
751,96500.0,4,1140,1,1910,0.0,0.0,3,3
752,162000.0,7,1320,2,2003,2.0,400.0,2,2
753,217000.0,6,1494,2,1997,2.0,576.0,3,2
754,275500.0,8,2098,2,2005,3.0,878.0,2,2
755,156000.0,6,1026,1,1969,2.0,440.0,3,3
756,172500.0,6,1471,2,1999,2.0,440.0,3,2
757,212000.0,8,1768,2,2007,2.0,578.0,2,2
758,158900.0,6,1386,2,1978,2.0,440.0,3,3
759,179400.0,7,1501,2,1999,2.0,440.0,3,2
760,290000.0,8,2531,2,1995,3.0,752.0,2,2
761,127500.0,6,864,1,1959,1.0,300.0,3,3
762,100000.0,5,1301,1,1924,2.0,440.0,3,3
763,215200.0,7,1547,2,2009,2.0,614.0,3,2
764,337000.0,8,2365,2,1999,3.0,856.0,2,2
765,270000.0,8,1494,1,1995,2.0,481.0,2,2
766,264132.0,9,1506,2,2008,2.0,592.0,2,2
767,196500.0,7,1714,2,1988,2.0,496.0,3,2
768,160000.0,6,1750,2,1940,1.0,423.0,3,2
769,216837.0,7,1836,2,2004,2.0,484.0,2,2
770,538000.0,8,3279,3,2003,3.0,841.0,0,2
771,134900.0,5,858,1,1982,2.0,576.0,3,2
772,102000.0,4,1220,1,1951,2.0,396.0,3,1
773,107000.0,6,1117,1,1976,2.0,672.0,3,3
774,114500.0,5,912,1,1958,1.0,275.0,3,3
775,395000.0,8,1973,2,2006,3.0,895.0,2,2
776,162000.0,6,1204,2,1998,2.0,412.0,3,0
777,221500.0,7,1614,2,2005,3.0,865.0,2,2
778,142500.0,5,894,1,1974,2.0,440.0,3,3
779,144000.0,5,2020,2,1977,2.0,630.0,3,4
780,135000.0,6,1004,1,1977,2.0,504.0,3,2
781,176000.0,7,1253,2,1995,2.0,402.0,3,2
782,175900.0,6,1603,2,1992,2.0,484.0,2,2
783,187100.0,7,1430,2,2001,2.0,605.0,2,2
784,165500.0,5,1110,1,1978,2.0,602.0,3,2
785,128000.0,6,1484,2,1914,0.0,0.0,3,3
786,161500.0,6,1342,2,1967,2.0,457.0,3,3
787,139000.0,5,1652,2,1915,1.0,416.0,3,1
788,233000.0,7,2084,2,2004,2.0,618.0,2,2
789,107900.0,4,901,1,1954,1.0,281.0,3,3
790,187500.0,6,2087,2,1966,2.0,444.0,3,3
791,160200.0,7,1145,2,2005,2.0,397.0,2,2
792,146800.0,6,1062,1,1976,2.0,539.0,3,2
793,269790.0,7,2013,2,1996,2.0,455.0,2,2
794,225000.0,8,1496,2,2007,2.0,474.0,2,2
795,194500.0,7,1895,2,1994,2.0,409.0,2,2
796,171000.0,6,1564,2,1980,2.0,476.0,3,2
797,143500.0,6,1285,1,1977,2.0,528.0,3,3
798,110000.0,5,773,1,1953,1.0,240.0,3,3
799,485000.0,9,3140,3,2008,3.0,820.0,0,0
800,175000.0,5,1768,1,1937,1.0,240.0,3,2
801,200000.0,6,1688,2,1997,2.0,603.0,3,2
802,109900.0,4,1196,1,1916,2.0,440.0,3,3
803,189000.0,7,1456,2,2005,2.0,410.0,2,2
804,582933.0,9,2822,3,2008,3.0,1020.0,0,0
805,118000.0,5,1128,1,1954,1.0,286.0,3,3
806,227680.0,7,1428,2,2008,2.0,554.0,2,2
807,135500.0,5,980,2,1967,1.0,384.0,3,3
808,223500.0,5,1576,1,1923,2.0,528.0,3,3
809,159950.0,5,1086,1,1966,2.0,484.0,3,3
810,106000.0,5,2138,2,1898,2.0,360.0,3,3
811,181000.0,6,1309,1,1974,2.0,484.0,3,3
812,144500.0,6,848,1,2004,2.0,420.0,2,2
813,55993.0,5,1044,1,1952,2.0,504.0,1,3
814,157900.0,6,1442,1,1958,1.0,301.0,3,3
815,116000.0,5,1250,1,1918,1.0,280.0,3,3
816,224900.0,7,1661,2,1998,2.0,598.0,3,2
817,137000.0,5,1008,1,1954,1.0,275.0,3,3
818,271000.0,8,1689,2,2002,3.0,857.0,2,2
819,155000.0,6,1052,1,1971,2.0,440.0,3,3
820,224000.0,7,1358,2,2009,2.0,484.0,2,2
821,183000.0,7,1640,2,2003,2.0,595.0,2,2
822,93000.0,4,936,1,1953,2.0,576.0,1,1
823,225000.0,7,1733,2,2003,2.0,433.0,2,2
824,139500.0,6,1489,2,1940,1.0,240.0,3,3
825,232600.0,8,1489,2,2006,2.0,776.0,2,2
826,385000.0,10,2084,2,2007,3.0,1220.0,0,0
827,109500.0,5,784,1,1924,0.0,0.0,3,3
828,189000.0,7,1434,2,2001,2.0,527.0,2,2
829,185000.0,5,2126,2,1967,2.0,538.0,3,3
830,147400.0,7,1223,2,2005,2.0,480.0,2,2
831,166000.0,6,1392,1,1957,2.0,458.0,3,3
832,151000.0,7,1200,2,2005,2.0,480.0,3,2
833,237000.0,7,1829,2,2003,2.0,613.0,2,2
834,167000.0,6,1516,1,1964,2.0,472.0,3,3
835,139950.0,5,1144,1,1961,2.0,456.0,3,3
836,128000.0,4,1067,2,1950,2.0,436.0,3,2
837,153500.0,5,1559,1,1948,2.0,812.0,3,3
838,100000.0,6,987,1,1973,1.0,264.0,3,3
839,144000.0,5,1099,1,1995,1.0,352.0,3,2
840,130500.0,5,1200,1,1946,1.0,240.0,3,3
841,140000.0,6,1482,2,1925,1.0,400.0,3,3
842,157500.0,5,1539,2,1904,2.0,686.0,3,3
843,174900.0,6,1165,1,1966,2.0,490.0,3,3
844,141000.0,5,1800,2,1961,0.0,0.0,3,3
845,153900.0,5,1416,1,1915,3.0,720.0,3,3
846,171000.0,5,1701,2,1975,2.0,611.0,3,2
847,213000.0,7,1775,2,1993,2.0,425.0,2,2
848,133500.0,5,864,1,1972,1.0,338.0,3,3
849,240000.0,6,2358,3,1908,2.0,360.0,3,3
850,187000.0,6,1855,2,1976,2.0,512.0,2,3
851,131500.0,6,848,1,2003,2.0,420.0,2,2
852,215000.0,8,1456,2,2003,2.0,400.0,2,2
853,164000.0,7,1646,2,1941,1.0,240.0,3,3
854,158000.0,6,1445,1,1964,2.0,645.0,3,3
855,170000.0,5,1779,1,1955,2.0,454.0,3,3
856,127000.0,5,1040,1,1962,1.0,260.0,3,3
857,147000.0,6,1026,1,1978,2.0,576.0,3,2
858,174000.0,6,1481,2,1994,2.0,343.0,3,2
859,152000.0,7,1370,2,1976,2.0,479.0,3,2
860,250000.0,6,2654,2,1968,2.0,619.0,3,3
861,189950.0,7,1426,1,1918,1.0,216.0,2,3
862,131500.0,5,1039,1,1965,2.0,504.0,3,3
863,152000.0,6,1097,2,1984,2.0,480.0,3,2
864,132500.0,5,1148,1,1959,1.0,672.0,3,3
865,250580.0,7,1372,2,2007,2.0,529.0,2,0
866,148500.0,5,1002,1,1970,2.0,902.0,3,3
867,248900.0,8,1646,2,2006,3.0,870.0,2,2
868,129000.0,4,1120,1,1961,2.0,544.0,3,3
869,169000.0,5,2320,2,1948,2.0,672.0,3,4
870,236000.0,7,1949,2,1993,2.0,574.0,2,2
871,109500.0,5,894,1,1962,1.0,308.0,3,3
872,200500.0,6,1682,2,1998,2.0,523.0,3,2
873,116000.0,5,910,1,1953,2.0,414.0,2,3
874,133000.0,5,1268,1,1949,1.0,288.0,2,3
875,66500.0,5,1131,1,1941,1.0,200.0,3,3
876,303477.0,8,2610,2,2007,2.0,550.0,2,2
877,132250.0,4,1040,1,1963,2.0,648.0,3,3
878,350000.0,9,2224,2,2004,3.0,738.0,2,0
879,148000.0,5,1155,1,1961,2.0,576.0,3,3
880,136500.0,5,864,1,1978,1.0,336.0,2,3
881,157000.0,5,1090,1,2005,2.0,450.0,3,0
882,187500.0,7,1717,2,1990,2.0,400.0,2,2
883,178000.0,6,1593,2,1992,2.0,389.0,3,2
884,118500.0,4,2230,1,1912,1.0,440.0,2,3
885,100000.0,5,892,1,1967,1.0,288.0,3,3
886,328900.0,9,1709,2,1999,2.0,506.0,2,0
887,145000.0,5,1712,2,1959,2.0,588.0,3,3
888,135500.0,5,1393,1,1955,1.0,300.0,3,3
889,268000.0,8,2217,2,1970,2.0,621.0,2,3
890,149500.0,6,1505,1,1953,2.0,505.0,3,3
891,122900.0,5,924,1,1949,2.0,576.0,3,3
892,172500.0,6,1683,2,1978,2.0,440.0,3,3
893,154500.0,6,1068,1,1963,1.0,264.0,3,3
894,165000.0,5,1383,1,1954,1.0,354.0,3,2
895,118858.0,5,1535,2,1979,2.0,400.0,3,4
896,140000.0,6,1796,1,1963,2.0,483.0,3,3
897,106500.0,4,951,1,1936,1.0,327.0,3,3
898,142953.0,5,2240,2,1979,2.0,528.0,3,4
899,611657.0,9,2364,2,2009,3.0,820.0,0,0
900,135000.0,5,1236,1,1961,1.0,288.0,3,3
901,110000.0,4,858,1,1971,1.0,684.0,3,3
902,153000.0,5,1306,1,1957,1.0,756.0,3,3
903,180000.0,7,1509,2,2003,2.0,393.0,2,2
904,240000.0,7,1670,2,2006,3.0,690.0,2,2
905,125500.0,5,902,1,1967,1.0,288.0,3,3
906,128000.0,5,1063,1,1954,1.0,280.0,3,3
907,255000.0,8,1636,2,2006,3.0,865.0,2,2
908,250000.0,7,2057,1,1936,1.0,180.0,2,2
909,131000.0,5,902,1,1983,2.0,484.0,3,2
910,174000.0,6,1484,2,2005,2.0,390.0,2,2
911,154300.0,5,2274,2,1960,2.0,480.0,3,3
912,143500.0,5,1268,1,1977,1.0,252.0,3,2
913,88000.0,5,1015,1,1925,1.0,450.0,3,3
914,145000.0,5,2002,2,1949,3.0,871.0,3,3
915,173733.0,6,1224,2,2009,2.0,528.0,2,2
916,75000.0,4,1092,1,1970,1.0,286.0,3,3
917,35311.0,2,480,0,1949,1.0,308.0,3,3
918,135000.0,4,1229,1,1956,1.0,284.0,3,3
919,238000.0,7,2127,2,1991,3.0,833.0,2,0
920,176500.0,6,1414,1,1958,2.0,601.0,0,2
921,201000.0,6,1721,2,1994,2.0,471.0,2,2
922,145900.0,5,2200,2,1900,0.0,0.0,3,3
923,169990.0,6,1316,2,2005,2.0,397.0,2,2
924,193000.0,6,1617,2,1993,2.0,533.0,2,2
925,207500.0,6,1686,2,1980,2.0,612.0,3,2
926,175000.0,5,1126,2,1977,2.0,540.0,3,2
927,285000.0,8,2374,2,2003,3.0,656.0,2,2
928,176000.0,7,1978,2,1968,2.0,486.0,3,3
929,236500.0,8,1788,2,2001,2.0,522.0,2,2
930,222000.0,7,2236,2,1997,2.0,642.0,3,2
931,201000.0,8,1466,2,2007,3.0,610.0,2,2
932,117500.0,5,925,1,1965,1.0,429.0,3,3
933,320000.0,9,1905,2,2006,3.0,788.0,0,0
934,190000.0,7,1500,2,2004,2.0,570.0,2,2
935,242000.0,7,2069,2,1960,2.0,505.0,3,2
936,79900.0,4,747,1,1926,2.0,528.0,3,1
937,184900.0,7,1200,2,2003,2.0,555.0,2,2
938,253000.0,7,1971,2,2005,2.0,689.0,2,2
939,239799.0,7,1962,2,2006,3.0,868.0,2,2
940,244400.0,7,2403,2,1940,1.0,349.0,3,3
941,150900.0,6,1728,2,1976,2.0,574.0,3,3
942,214000.0,7,2060,2,1999,2.0,390.0,2,2
943,150000.0,4,1440,2,1977,0.0,0.0,3,2
944,143000.0,5,1632,2,1967,2.0,576.0,3,3
945,137500.0,6,1344,1,1958,2.0,525.0,3,3
946,124900.0,5,1869,1,1890,2.0,456.0,3,3
947,143000.0,5,1144,1,1959,1.0,796.0,3,3
948,270000.0,8,1629,2,2002,3.0,808.0,2,2
949,192500.0,7,1776,2,2002,2.0,474.0,2,2
950,197500.0,6,1381,1,1972,2.0,676.0,3,3
951,129000.0,5,864,1,1950,2.0,720.0,3,3
952,119900.0,5,965,1,1965,1.0,300.0,3,3
953,133900.0,5,768,1,1972,1.0,396.0,3,2
954,172000.0,5,1968,2,1969,2.0,530.0,3,3
955,127500.0,6,980,2,1975,0.0,0.0,3,2
956,145000.0,6,1958,2,1946,2.0,492.0,3,2
957,124000.0,6,1229,1,1980,2.0,462.0,3,2
958,132000.0,5,1057,1,1962,2.0,576.0,3,3
959,185000.0,7,1337,2,2003,2.0,531.0,2,2
960,155000.0,7,1416,2,1999,2.0,484.0,2,2
961,116500.0,5,858,1,1958,0.0,0.0,3,3
962,272000.0,6,2872,2,1977,2.0,619.0,3,2
963,155000.0,6,1548,2,1976,2.0,440.0,3,2
964,239000.0,9,1800,2,2007,2.0,702.0,2,0
965,214900.0,7,1894,2,2002,2.0,510.0,2,2
966,178900.0,6,1484,2,2005,2.0,393.0,2,2
967,160000.0,5,1308,1,1940,1.0,256.0,2,3
968,135000.0,5,1098,1,1955,1.0,260.0,3,3
969,37900.0,3,968,1,1910,0.0,0.0,3,3
970,140000.0,6,1095,1,1958,1.0,264.0,3,3
971,135000.0,4,1192,1,1949,0.0,0.0,3,3
972,173000.0,7,1626,2,2003,2.0,474.0,2,2
973,99500.0,6,918,2,1979,1.0,264.0,3,2
974,182000.0,7,1428,2,2007,2.0,480.0,2,2
975,167500.0,7,2019,1,1910,2.0,532.0,3,2
976,165000.0,7,1382,2,2000,2.0,490.0,2,2
977,85500.0,4,869,1,1923,0.0,0.0,3,2
978,199900.0,7,1241,1,2006,2.0,569.0,2,2
979,110000.0,4,894,1,1954,2.0,400.0,3,3
980,139000.0,5,1121,1,1963,2.0,480.0,3,3
981,178400.0,7,999,1,1961,2.0,588.0,0,3
982,336000.0,8,2612,2,1998,3.0,676.0,2,2
983,159895.0,7,1266,2,2007,2.0,388.0,2,2
984,255900.0,8,2290,2,2002,2.0,779.0,2,2
985,126000.0,5,1734,2,1977,2.0,539.0,3,4
986,125000.0,5,1164,1,1950,1.0,240.0,3,3
987,117000.0,6,1635,1,1910,1.0,255.0,3,3
988,395192.0,9,1940,2,2009,3.0,606.0,0,0
989,195000.0,6,2030,2,1976,2.0,551.0,3,3
990,197000.0,7,1576,2,2006,2.0,614.0,2,2
991,348000.0,8,2392,2,1997,3.0,870.0,2,2
992,168000.0,8,1742,1,1882,2.0,424.0,2,3
993,187000.0,6,1851,2,1964,2.0,440.0,3,3
994,173900.0,6,1500,2,2005,2.0,564.0,3,2
995,337500.0,10,1718,2,2006,3.0,786.0,0,0
996,121600.0,4,1230,1,1946,1.0,305.0,3,3
997,136500.0,5,1050,1,1961,1.0,368.0,3,3
998,185000.0,6,1442,2,1970,2.0,615.0,3,3
999,91000.0,3,1077,1,1922,1.0,210.0,3,3
1000,206000.0,7,1208,2,2006,2.0,632.0,2,2
1001,82000.0,3,944,1,1952,2.0,528.0,3,4
1002,86000.0,5,691,1,1920,1.0,216.0,3,1
1003,232000.0,8,1574,2,2006,3.0,824.0,2,2
1004,136905.0,5,1680,2,1976,2.0,528.0,3,3
1005,181000.0,7,1504,2,2005,2.0,457.0,2,2
1006,149900.0,5,985,2,1977,1.0,328.0,2,2
1007,163500.0,6,1657,2,1970,2.0,484.0,3,2
1008,88000.0,4,1092,1,1970,1.0,286.0,3,3
1009,240000.0,7,1710,2,2004,2.0,550.0,2,0
1010,102000.0,5,1522,2,1926,0.0,0.0,3,3
1011,135000.0,5,1271,2,1948,1.0,312.0,3,3
1012,100000.0,5,1664,2,1965,0.0,0.0,3,4
1013,165000.0,6,1502,1,1923,1.0,180.0,3,3
1014,85000.0,5,1022,1,1910,1.0,280.0,3,3
1015,119200.0,6,1082,1,1948,1.0,240.0,3,3
1016,227000.0,8,1665,2,2001,2.0,528.0,2,2
1017,203000.0,7,1504,2,1996,2.0,478.0,2,2
1018,187500.0,8,1360,1,1984,2.0,565.0,2,2
1019,160000.0,7,1472,2,1991,2.0,402.0,2,2
1020,213490.0,7,1506,2,2005,2.0,440.0,2,2
1021,176000.0,4,1132,1,2005,2.0,451.0,3,2
1022,194000.0,7,1220,2,2006,2.0,632.0,2,2
1023,87000.0,5,1248,1,1930,1.0,160.0,3,3
1024,191000.0,7,1504,2,2005,2.0,437.0,2,2
1025,287000.0,8,2898,2,1976,2.0,665.0,2,2
1026,112500.0,5,882,1,1972,2.0,461.0,3,3
1027,167500.0,5,1264,1,1960,2.0,461.0,3,3
1028,293077.0,8,1646,2,2007,3.0,800.0,2,2
1029,105000.0,5,1376,1,1941,1.0,240.0,3,3
1030,118000.0,6,1218,1,1972,1.0,264.0,3,3
1031,160000.0,5,1928,2,1916,0.0,0.0,3,3
1032,197000.0,7,3082,2,1920,2.0,672.0,3,3
1033,310000.0,8,2520,2,1993,3.0,796.0,2,2
1034,230000.0,7,1654,2,2002,3.0,900.0,2,2
1035,119750.0,5,954,1,1938,1.0,240.0,3,1
1036,84000.0,4,845,1,1957,1.0,290.0,3,4
1037,315500.0,9,1620,2,2007,3.0,912.0,2,0
1038,287000.0,8,2263,2,2001,2.0,905.0,2,2
1039,97000.0,4,1344,1,1970,0.0,0.0,3,3
1040,80000.0,4,630,1,1970,1.0,286.0,3,2
1041,155000.0,5,1803,2,1957,2.0,484.0,3,3
1042,173000.0,6,1632,1,1966,2.0,484.0,3,3
1043,196000.0,6,1306,2,2005,2.0,624.0,2,2
1044,262280.0,7,2329,2,1990,2.0,514.0,3,2
1045,278000.0,8,2524,2,1981,2.0,542.0,2,2
1046,139600.0,3,1733,2,1955,2.0,452.0,3,4
1047,556581.0,9,2868,3,2005,3.0,716.0,2,0
1048,145000.0,5,990,1,1994,2.0,672.0,3,2
1049,115000.0,5,1771,1,1960,2.0,336.0,3,4
1050,84900.0,4,930,1,1946,1.0,308.0,3,4
1051,176485.0,7,1302,2,2007,2.0,436.0,2,2
1052,200141.0,7,1316,2,2007,2.0,440.0,2,2
1053,165000.0,6,1977,1,1964,2.0,540.0,3,3
1054,144500.0,5,1526,1,1957,1.0,364.0,3,3
1055,255000.0,8,1989,2,2002,2.0,586.0,2,2
1056,180000.0,6,1523,2,1976,2.0,478.0,3,2
1057,185850.0,7,1364,2,2005,2.0,484.0,2,2
1058,248000.0,7,1850,2,1994,2.0,467.0,2,2
1059,335000.0,9,2184,2,2008,3.0,836.0,0,0
1060,220000.0,6,1991,1,1932,2.0,432.0,3,3
1061,213500.0,8,1338,2,2001,2.0,582.0,2,2
1062,81000.0,3,894,1,1935,3.0,1248.0,1,3
1063,90000.0,5,2337,2,1900,2.0,560.0,3,3
1064,110500.0,6,1103,1,1925,2.0,440.0,3,3
1065,154000.0,5,1154,1,1966,2.0,480.0,3,3
1066,328000.0,7,2260,2,1996,2.0,533.0,2,0
1067,178000.0,6,1571,2,1993,2.0,380.0,2,2
1068,167900.0,6,1611,1,1964,2.0,442.0,3,3
1069,151400.0,6,2521,2,1973,2.0,576.0,3,2
1070,135000.0,5,893,1,1949,2.0,576.0,3,3
1071,135000.0,5,1048,1,1956,1.0,286.0,3,3
1072,154000.0,6,1556,1,1968,2.0,441.0,3,3
1073,91500.0,5,1456,1,1948,1.0,280.0,3,1
1074,159500.0,6,1426,1,1977,2.0,440.0,3,3
1075,194000.0,7,1240,2,2006,3.0,826.0,2,2
1076,219500.0,7,1740,1,1940,1.0,240.0,3,3
1077,170000.0,5,1466,2,1936,2.0,566.0,3,1
1078,138800.0,5,1096,1,1969,1.0,299.0,3,3
1079,155900.0,6,848,1,2004,2.0,420.0,2,2
1080,126000.0,5,990,1,1994,1.0,299.0,3,2
1081,145000.0,6,1258,2,1971,2.0,528.0,2,3
1082,133000.0,5,1040,1,1963,1.0,308.0,3,3
1083,192000.0,7,1459,2,2002,2.0,527.0,2,2
1084,160000.0,6,1251,1,1964,1.0,461.0,3,3
1085,187500.0,6,1498,2,1995,2.0,409.0,3,2
1086,147000.0,6,996,1,1992,2.0,564.0,3,2
1087,83500.0,4,1092,1,1973,1.0,286.0,3,3
1088,252000.0,8,1953,2,2005,3.0,1043.0,2,2
1089,137500.0,7,1709,2,2004,2.0,380.0,2,2
1090,197000.0,8,1247,1,2005,2.0,550.0,2,2
1091,92900.0,3,1040,2,1950,2.0,400.0,3,4
1092,160000.0,7,1252,2,1999,2.0,462.0,2,2
1093,136500.0,6,1694,2,1925,2.0,576.0,3,3
1094,146000.0,5,1200,1,1965,2.0,884.0,3,3
1095,129000.0,5,936,1,1956,1.0,308.0,3,3
1096,176432.0,6,1314,2,2006,2.0,440.0,2,2
1097,127000.0,6,1355,1,1914,0.0,0.0,3,3
1098,170000.0,8,1088,1,1986,2.0,461.0,2,2
1099,128000.0,4,1324,1,1936,1.0,240.0,3,3
1100,157000.0,7,1601,2,1978,2.0,478.0,3,2
1101,60000.0,2,438,1,1920,1.0,246.0,3,3
1102,119500.0,5,950,1,1971,1.0,280.0,3,3
1103,135000.0,5,1134,1,1960,1.0,254.0,3,3
1104,159500.0,6,1194,1,1959,2.0,539.0,3,3
1105,106000.0,5,1302,2,1970,2.0,440.0,3,3
1106,325000.0,8,2622,2,1994,2.0,712.0,2,0
1107,179900.0,7,1442,2,1990,2.0,719.0,2,2
1108,274725.0,7,2021,2,2006,2.0,422.0,2,0
1109,181000.0,6,1690,2,2000,2.0,463.0,3,2
1110,280000.0,8,1836,2,2004,3.0,862.0,2,0
1111,188000.0,6,1658,2,1995,2.0,431.0,3,2
1112,205000.0,7,1964,2,1976,2.0,483.0,3,3
1113,129900.0,5,816,1,1957,1.0,308.0,3,3
1114,134500.0,5,1008,1,1953,1.0,240.0,3,3
1115,117000.0,5,833,1,1954,1.0,326.0,3,3
1116,318000.0,8,1734,2,2007,3.0,928.0,2,0
1117,184100.0,8,1419,2,2002,2.0,527.0,2,2
1118,130000.0,5,894,1,1967,2.0,450.0,3,3
1119,140000.0,5,1601,1,1958,1.0,300.0,3,3
1120,133700.0,5,1040,1,1959,1.0,286.0,3,3
1121,118400.0,6,1012,1,1920,1.0,308.0,3,3
1122,212900.0,7,1552,2,2005,3.0,782.0,2,2
1123,112000.0,4,960,1,1956,1.0,288.0,3,3
1124,118000.0,5,698,1,1947,0.0,0.0,3,3
1125,163900.0,7,1482,2,1992,2.0,392.0,3,2
1126,115000.0,4,1005,1,1955,2.0,672.0,3,3
1127,174000.0,7,1555,2,2007,3.0,660.0,2,2
1128,259000.0,7,1530,2,2004,3.0,630.0,2,2
1129,215000.0,7,1959,2,2004,2.0,434.0,2,2
1130,140000.0,5,936,1,1980,2.0,672.0,3,2
1131,135000.0,4,1981,2,1928,2.0,576.0,3,3
1132,93500.0,5,974,1,1991,0.0,0.0,3,2
1133,117500.0,6,2210,2,1880,1.0,205.0,3,3
1134,239500.0,8,2020,2,1995,2.0,466.0,2,2
1135,169000.0,6,1600,2,1997,2.0,460.0,3,2
1136,102000.0,6,986,1,1926,1.0,180.0,3,3
1137,119000.0,6,1252,1,1950,1.0,288.0,3,3
1138,94000.0,5,1020,1,1875,0.0,0.0,3,3
1139,196000.0,6,1567,2,1977,2.0,714.0,3,3
1140,144000.0,5,1167,1,1920,2.0,495.0,3,3
1141,139000.0,5,952,1,1951,2.0,840.0,3,3
1142,197500.0,5,1868,2,1976,2.0,484.0,3,3
1143,424870.0,8,2828,3,2006,3.0,1052.0,2,0
1144,80000.0,5,1006,1,1959,0.0,0.0,3,3
1145,80000.0,4,924,1,1941,1.0,280.0,3,2
1146,149000.0,5,1576,1,1928,1.0,225.0,3,3
1147,180000.0,6,1298,2,1985,2.0,403.0,2,2
1148,174500.0,7,1564,1,1941,1.0,234.0,3,3
1149,116900.0,7,1111,1,1926,1.0,288.0,3,3
1150,143000.0,7,1482,1,1920,2.0,324.0,3,3
1151,124000.0,6,932,1,1950,1.0,306.0,3,3
1152,149900.0,5,1466,1,1959,2.0,528.0,3,3
1153,230000.0,6,1811,1,1956,2.0,470.0,3,3
1154,120500.0,6,816,1,1930,1.0,432.0,2,3
1155,201800.0,7,1820,1,1965,2.0,492.0,3,3
1156,218000.0,5,1437,2,1976,2.0,528.0,2,2
1157,179900.0,5,1265,2,1965,2.0,502.0,3,3
1158,230000.0,7,1314,2,2007,2.0,626.0,2,2
1159,235128.0,8,1580,2,2007,3.0,830.0,2,2
1160,185000.0,6,1876,2,1974,2.0,540.0,2,3
1161,146000.0,6,1456,2,1978,2.0,440.0,3,2
1162,224000.0,6,1640,1,1954,2.0,924.0,2,3
1163,129000.0,5,894,1,1968,2.0,450.0,3,2
1164,108959.0,4,1258,0,1969,2.0,400.0,3,2
1165,194000.0,5,1432,1,1978,2.0,588.0,3,2
1166,233170.0,7,1502,2,2009,2.0,644.0,2,2
1167,245350.0,8,1694,2,2008,3.0,776.0,2,2
1168,173000.0,6,1671,2,2000,2.0,472.0,3,2
1169,235000.0,6,2108,2,1935,2.0,540.0,3,3
1170,625000.0,10,3627,3,1995,3.0,807.0,2,0
1171,171000.0,6,1118,1,1977,1.0,358.0,3,3
1172,163000.0,6,1261,1,1958,2.0,433.0,3,3
1173,171900.0,7,1250,2,2006,2.0,625.0,2,2
1174,200500.0,5,3086,3,1946,0.0,0.0,3,3
1175,239000.0,6,2345,2,1932,2.0,360.0,3,2
1176,285000.0,8,2872,2,1992,2.0,541.0,2,2
1177,119500.0,5,923,1,1984,1.0,264.0,3,3
1178,115000.0,6,1224,1,1926,1.0,210.0,3,3
1179,154900.0,5,1343,1,1921,1.0,186.0,3,3
1180,93000.0,5,1124,1,1954,0.0,0.0,3,4
1181,250000.0,7,2514,2,1990,2.0,693.0,3,2
1182,392500.0,8,1652,2,2008,2.0,482.0,0,0
1183,745000.0,10,4476,3,1996,3.0,813.0,2,0
1184,120000.0,5,1130,1,1920,2.0,720.0,3,3
1185,186700.0,5,1572,1,1963,3.0,995.0,3,3
1186,104900.0,5,1221,1,1924,1.0,392.0,3,3
1187,95000.0,3,1699,2,1900,2.0,420.0,3,1
1188,262000.0,8,1624,2,1994,3.0,757.0,2,2
1189,195000.0,7,1660,2,2002,2.0,493.0,2,2
1190,189000.0,7,1804,2,1999,2.0,442.0,3,3
1191,168000.0,4,1622,1,1961,4.0,1356.0,3,3
1192,174000.0,8,1441,2,1999,2.0,492.0,2,2
1193,125000.0,5,1472,1,1925,1.0,250.0,3,3
1194,165000.0,6,1224,2,1999,2.0,402.0,3,0
1195,158000.0,6,1352,1,1969,1.0,299.0,3,3
1196,176000.0,6,1456,2,2005,2.0,400.0,3,2
1197,219210.0,7,1863,2,2006,3.0,660.0,2,2
1198,144000.0,7,1690,1,1916,1.0,225.0,3,3
1199,178000.0,7,1212,2,2001,2.0,573.0,2,2
1200,148000.0,4,1382,1,1963,2.0,459.0,3,3
1201,116050.0,4,864,1,1970,1.0,280.0,3,3
1202,197900.0,7,1779,2,1998,2.0,546.0,3,2
1203,117000.0,5,1348,1,1925,1.0,216.0,3,3
1204,213000.0,7,1630,2,2000,2.0,451.0,2,2
1205,153500.0,5,1074,1,1975,2.0,495.0,3,2
1206,271900.0,7,2196,2,1990,3.0,701.0,2,2
1207,107000.0,4,1056,1,1966,1.0,384.0,3,3
1208,200000.0,6,1700,2,2003,2.0,544.0,2,2
1209,140000.0,5,1283,1,1962,2.0,506.0,3,3
1210,290000.0,8,1660,2,2006,2.0,500.0,2,0
1211,189000.0,6,1845,2,1992,2.0,462.0,2,2
1212,164000.0,8,1752,2,1988,2.0,492.0,2,2
1213,113000.0,4,672,1,1941,1.0,234.0,3,3
1214,145000.0,4,960,0,1965,1.0,364.0,3,3
1215,134500.0,5,999,1,1962,1.0,300.0,3,3
1216,125000.0,5,894,1,1966,1.0,384.0,3,3
1217,112000.0,6,1902,2,1978,2.0,539.0,3,4
1218,229456.0,8,1314,2,2009,2.0,552.0,2,2
1219,80500.0,4,912,1,1947,0.0,0.0,3,4
1220,91500.0,6,1218,1,1971,0.0,0.0,3,3
1221,115000.0,5,912,1,1964,1.0,288.0,3,3
1222,134000.0,5,1211,1,1968,1.0,322.0,3,3
1223,143000.0,6,1846,2,1949,1.0,315.0,3,3
1224,137900.0,5,2136,2,1951,2.0,528.0,3,3
1225,184000.0,7,1490,2,2004,2.0,388.0,2,2
1226,145000.0,6,1138,1,1958,1.0,264.0,3,3
1227,214000.0,6,1933,2,2007,3.0,668.0,2,2
1228,147000.0,5,912,1,1965,2.0,576.0,3,3
1229,367294.0,9,1702,1,2008,3.0,1052.0,0,0
1230,127000.0,5,1507,2,1960,1.0,404.0,3,3
1231,190000.0,5,2620,2,1977,2.0,600.0,3,2
1232,132500.0,5,1190,1,1962,2.0,540.0,3,3
1233,101800.0,4,1224,2,1962,2.0,462.0,3,4
1234,142000.0,5,1188,1,1959,2.0,531.0,3,3
1235,130000.0,5,1964,1,1911,0.0,0.0,3,3
1236,138887.0,5,1784,1,1914,1.0,180.0,3,2
1237,175500.0,7,1626,2,2003,2.0,474.0,2,2
1238,195000.0,7,1948,2,2004,2.0,434.0,2,2
1239,142500.0,6,1141,1,2005,2.0,484.0,2,2
1240,265900.0,8,1484,2,2006,2.0,472.0,2,2
1241,224900.0,7,1768,2,2003,2.0,543.0,2,2
1242,248328.0,7,1689,2,2007,3.0,954.0,2,2
1243,170000.0,7,1173,2,1974,2.0,528.0,3,2
1244,465000.0,10,2076,2,2006,3.0,850.0,0,0
1245,230000.0,8,1517,1,1929,2.0,400.0,3,2
1246,178000.0,6,1868,3,1984,2.0,477.0,3,2
1247,186500.0,7,1553,2,2005,2.0,615.0,2,2
1248,169900.0,6,1034,1,1976,3.0,888.0,3,3
1249,129500.0,6,2058,1,1917,2.0,396.0,3,2
1250,119000.0,5,988,1,1950,1.0,276.0,3,3
1251,244000.0,7,2110,2,1968,2.0,522.0,2,3
1252,171750.0,7,1405,2,2003,2.0,478.0,2,2
1253,130000.0,5,874,1,1968,1.0,288.0,3,3
1254,294000.0,7,2167,2,1974,2.0,518.0,2,3
1255,165400.0,7,1656,2,2003,2.0,397.0,2,2
1256,127500.0,6,1367,1,1931,1.0,560.0,3,3
1257,301500.0,8,1987,2,1994,2.0,691.0,2,2
1258,99900.0,5,864,1,1922,0.0,0.0,3,1
1259,190000.0,7,1166,2,2005,2.0,400.0,2,2
1260,151000.0,6,1054,1,1969,2.0,460.0,3,2
1261,181000.0,6,1675,2,1999,2.0,502.0,3,2
1262,128900.0,5,1050,1,1956,1.0,338.0,3,3
1263,161500.0,4,1788,1,1957,1.0,304.0,3,3
1264,180500.0,6,1824,1,1919,2.0,520.0,3,3
1265,181000.0,6,1337,2,1998,2.0,511.0,2,2
1266,183900.0,7,1452,2,1999,2.0,506.0,2,2
1267,122000.0,7,1889,1,1910,1.0,308.0,1,3
1268,378500.0,9,2018,2,2008,3.0,746.0,0,0
1269,381000.0,8,3447,3,1935,3.0,1014.0,3,3
1270,144000.0,5,1524,1,1958,1.0,315.0,3,3
1271,260000.0,7,1524,0,1979,2.0,586.0,2,2
1272,185750.0,6,1489,2,1968,2.0,462.0,3,3
1273,137000.0,5,935,1,1965,1.0,288.0,3,3
1274,177000.0,6,1357,1,1959,1.0,312.0,3,3
1275,139000.0,5,1250,2,1910,2.0,552.0,3,3
1276,137000.0,5,1920,2,1948,2.0,400.0,3,3
1277,162000.0,6,1395,1,1972,2.0,497.0,3,3
1278,197900.0,6,1724,1,1967,2.0,480.0,3,2
1279,237000.0,8,2031,2,2002,2.0,577.0,2,2
1280,68400.0,4,1128,1,1920,2.0,528.0,3,3
1281,227000.0,7,1573,2,2002,2.0,544.0,2,2
1282,180000.0,7,1339,2,1990,2.0,484.0,3,2
1283,150500.0,5,1040,2,1977,2.0,484.0,3,2
1284,139000.0,6,1824,2,1971,0.0,0.0,3,3
1285,169000.0,6,2447,2,1919,1.0,336.0,3,3
1286,132500.0,6,1412,1,1939,1.0,280.0,3,3
1287,143000.0,6,1328,1,1963,2.0,528.0,3,3
1288,190000.0,5,1582,2,1964,2.0,390.0,3,3
1289,278000.0,8,1659,2,2000,2.0,499.0,2,2
1290,281000.0,8,1970,2,2006,3.0,753.0,2,2
1291,180500.0,5,1152,1,1964,2.0,484.0,3,3
1292,119500.0,5,1302,2,1972,1.0,264.0,3,3
1293,107500.0,5,2372,2,1892,1.0,432.0,3,3
1294,162900.0,7,1664,2,1976,2.0,528.0,3,2
1295,115000.0,5,864,1,1955,2.0,572.0,3,3
1296,138500.0,5,1052,1,1968,1.0,288.0,3,3
1297,155000.0,5,1128,2,1963,2.0,525.0,3,3
1298,140000.0,6,1072,2,2005,2.0,525.0,3,2
1299,160000.0,10,5642,2,2008,2.0,1418.0,0,0
1300,154000.0,5,1246,1,1959,1.0,305.0,3,3
1301,225000.0,7,1983,2,1999,2.0,490.0,2,2
1302,177500.0,6,1494,1,1942,1.0,213.0,3,3
1303,290000.0,8,2526,2,1994,3.0,844.0,2,2
1304,232000.0,7,1616,2,2005,3.0,834.0,2,2
1305,130000.0,7,1708,2,2004,2.0,380.0,2,2
1306,325000.0,9,1652,2,2006,2.0,840.0,2,0
1307,202500.0,7,1368,2,2005,2.0,474.0,2,2
1308,138000.0,5,990,1,1994,2.0,480.0,3,2
1309,147000.0,5,1122,1,1948,2.0,528.0,3,3
1310,179200.0,6,1294,2,1991,2.0,496.0,3,2
1311,335000.0,7,1902,2,1959,2.0,567.0,2,2
1312,203000.0,7,1274,2,2005,2.0,508.0,2,2
1313,302000.0,8,2810,2,1990,2.0,750.0,2,0
1314,333168.0,9,2599,2,1999,3.0,779.0,2,2
1315,119000.0,4,948,1,1954,1.0,280.0,3,3
1316,206900.0,6,2112,2,1969,2.0,576.0,3,1
1317,295493.0,8,1630,2,2008,3.0,860.0,2,0
1318,208900.0,7,1352,2,2006,2.0,466.0,2,0
1319,275000.0,8,1787,2,2001,3.0,748.0,2,2
1320,111000.0,4,948,1,1954,1.0,248.0,3,3
1321,156500.0,6,1478,1,1957,2.0,442.0,3,3
1322,72500.0,3,720,1,1949,1.0,287.0,3,4
1323,190000.0,7,1923,2,1992,2.0,564.0,2,2
1324,82500.0,4,708,1,1940,0.0,0.0,1,3
1325,147000.0,8,1795,2,2006,3.0,895.0,2,0
1326,55000.0,4,796,1,1922,0.0,0.0,3,3
1327,79000.0,3,774,1,1931,0.0,0.0,3,3
1328,130500.0,5,816,1,1982,1.0,264.0,2,3
1329,256000.0,6,2792,2,1920,2.0,520.0,2,2
1330,176500.0,7,1632,2,1998,2.0,462.0,3,2
1331,227000.0,8,1588,2,2006,3.0,825.0,2,2
1332,132500.0,5,954,1,1976,2.0,576.0,3,3
1333,100000.0,4,816,1,1938,1.0,288.0,3,3
1334,125500.0,5,1360,1,1938,1.0,297.0,3,3
1335,125000.0,5,1365,1,1970,2.0,440.0,3,3
1336,167900.0,6,1334,2,1977,2.0,630.0,3,2
1337,135000.0,5,1656,2,1973,2.0,506.0,3,3
1338,52500.0,4,693,1,1941,0.0,0.0,3,3
1339,200000.0,7,1861,2,2002,2.0,492.0,2,2
1340,128500.0,5,864,1,1972,1.0,288.0,3,3
1341,123000.0,4,872,1,1971,4.0,480.0,3,3
1342,155000.0,6,1114,1,2003,2.0,576.0,3,2
1343,228500.0,8,2169,2,2002,2.0,647.0,2,2
1344,177000.0,6,1913,1,1928,2.0,342.0,3,3
1345,155835.0,7,1456,2,2006,2.0,440.0,2,2
1346,108500.0,4,960,1,1920,1.0,308.0,3,3
1347,262500.0,7,2156,2,1968,2.0,508.0,3,3
1348,283463.0,8,1776,2,2006,3.0,712.0,2,0
1349,215000.0,7,1494,2,1998,2.0,514.0,2,2
1350,122000.0,8,2358,2,1872,0.0,0.0,3,3
1351,200000.0,5,2634,2,1969,4.0,968.0,3,3
1352,171000.0,6,1716,1,1962,2.0,490.0,3,3
1353,134900.0,6,1176,1,1937,2.0,624.0,2,3
1354,410000.0,8,3238,2,1995,3.0,666.0,2,2
1355,235000.0,7,1865,2,2000,3.0,839.0,2,2
1356,170000.0,7,1920,3,1968,2.0,487.0,3,3
1357,110000.0,5,892,1,1966,1.0,264.0,3,3
1358,149900.0,5,1078,1,1971,2.0,500.0,3,3
1359,177500.0,6,1573,2,2000,2.0,440.0,2,2
1360,315000.0,9,1980,2,2004,3.0,770.0,2,0
1361,189000.0,5,2601,3,1921,2.0,621.0,3,3
1362,260000.0,7,1530,2,2005,2.0,430.0,2,0
1363,104900.0,4,1738,2,1920,1.0,368.0,3,3
1364,156932.0,6,1412,2,2006,2.0,432.0,3,2
1365,144152.0,7,1200,2,2005,2.0,480.0,2,2
1366,216000.0,7,1674,2,2000,2.0,663.0,2,2
1367,193000.0,7,1790,2,1999,2.0,588.0,2,2
1368,127000.0,5,1475,2,1977,1.0,336.0,3,3
1369,144000.0,6,848,1,2003,2.0,420.0,2,2
1370,232000.0,8,1668,2,2003,2.0,502.0,2,2
1371,105000.0,4,1374,1,1920,1.0,338.0,1,3
1372,165500.0,6,1661,1,1955,1.0,377.0,3,3
1373,274300.0,7,2097,2,1998,2.0,583.0,3,2
1374,466500.0,10,2633,2,2001,3.0,804.0,0,0
1375,250000.0,7,1958,2,2005,3.0,936.0,2,2
1376,239000.0,8,1571,2,2007,3.0,722.0,2,2
1377,91000.0,6,790,1,1930,1.0,160.0,3,2
1378,117000.0,5,1604,2,1941,2.0,660.0,3,3
1379,83000.0,6,987,1,1973,1.0,264.0,3,3
1380,167500.0,5,1394,2,2006,2.0,400.0,3,2
1381,58500.0,3,864,1,1914,1.0,200.0,3,3
1382,237500.0,6,2117,2,1970,2.0,550.0,3,3
1383,157000.0,7,1762,1,1920,2.0,576.0,3,1
1384,112000.0,5,1416,2,1918,2.0,576.0,3,3
1385,105000.0,6,1258,1,1939,1.0,280.0,3,3
1386,125500.0,4,1154,1,1922,1.0,240.0,3,3
1387,250000.0,7,2784,3,1978,2.0,564.0,3,2
1388,136000.0,6,2526,2,1916,1.0,216.0,3,3
1389,377500.0,9,1746,2,2006,3.0,758.0,0,0
1390,131000.0,6,1218,1,1941,2.0,440.0,3,3
1391,235000.0,7,1525,2,2000,2.0,541.0,2,2
1392,124000.0,5,1584,2,1967,3.0,792.0,3,3
1393,123000.0,5,900,1,1967,1.0,288.0,3,3
1394,163000.0,6,1912,2,1905,2.0,672.0,3,1
1395,246578.0,7,1500,2,2006,3.0,648.0,2,2
1396,281213.0,8,2482,2,2005,3.0,642.0,2,2
1397,160000.0,5,1687,1,1948,2.0,572.0,3,3
1398,137500.0,5,1513,1,1920,1.0,180.0,3,3
1399,138000.0,5,1904,1,1950,1.0,240.0,3,3
1400,137450.0,6,1608,2,1925,1.0,216.0,3,3
1401,120000.0,6,1158,1,1929,1.0,208.0,3,3
1402,193000.0,6,1593,2,2004,2.0,398.0,3,3
1403,193879.0,7,1294,2,2006,2.0,662.0,2,2
1404,282922.0,8,1464,2,2007,3.0,754.0,2,2
1405,105000.0,3,1214,1,1915,3.0,936.0,3,3
1406,275000.0,8,1646,2,2004,2.0,482.0,2,0
1407,133000.0,5,768,1,1972,2.0,396.0,3,2
1408,112000.0,5,833,1,1985,0.0,0.0,3,3
1409,125500.0,4,1363,1,1910,2.0,528.0,3,1
1410,215000.0,7,2093,2,1986,2.0,542.0,3,2
1411,230000.0,7,1840,2,2001,2.0,622.0,2,2
1412,140000.0,6,1668,1,1950,1.0,271.0,3,3
1413,90000.0,4,1040,2,1949,2.0,420.0,3,4
1414,257000.0,8,1844,2,2005,2.0,620.0,2,2
1415,207000.0,6,1848,1,1923,2.0,370.0,3,3
1416,175900.0,7,1569,2,2007,3.0,660.0,2,2
1417,122500.0,4,2290,2,1885,2.0,560.0,3,3
1418,340000.0,8,2450,2,1998,3.0,1069.0,2,2
1419,124000.0,5,1144,1,1963,1.0,336.0,3,3
1420,223000.0,6,1844,2,1969,2.0,540.0,2,3
1421,179900.0,6,1416,2,1968,2.0,776.0,3,3
1422,127500.0,6,1069,2,1977,2.0,440.0,3,2
1423,136500.0,6,848,1,2003,2.0,420.0,2,2
1424,274970.0,6,2201,2,1966,2.0,432.0,2,2
1425,144000.0,5,1344,1,1958,1.0,484.0,3,3
1426,142000.0,6,1252,1,1959,2.0,528.0,2,3
1427,271000.0,7,2127,2,1994,2.0,525.0,2,2
1428,140000.0,5,1558,1,1945,1.0,288.0,3,3
1429,119000.0,5,804,1,1940,1.0,240.0,3,3
1430,182900.0,6,1440,2,1981,2.0,467.0,2,2
1431,192140.0,5,1838,2,2005,2.0,372.0,2,2
1432,143750.0,6,958,2,1976,2.0,440.0,3,2
1433,64500.0,4,968,2,1927,1.0,216.0,3,3
1434,186500.0,6,1792,2,2000,2.0,451.0,3,2
1435,160000.0,5,1126,2,1977,2.0,484.0,3,3
1436,174000.0,6,1537,1,1962,2.0,462.0,2,3
1437,120500.0,4,864,1,1971,2.0,528.0,3,3
1438,394617.0,8,1932,2,2008,3.0,774.0,0,0
1439,149700.0,6,1236,1,1957,2.0,923.0,3,3
1440,197000.0,7,1725,2,1979,2.0,550.0,3,3
1441,191000.0,6,2555,2,1922,2.0,672.0,3,0
1442,149300.0,6,848,1,2004,2.0,420.0,2,2
1443,310000.0,10,2007,2,2008,3.0,812.0,0,0
1444,121000.0,6,952,1,1916,1.0,192.0,3,3
1445,179600.0,7,1422,2,2004,2.0,626.0,2,2
1446,129000.0,6,913,1,1966,1.0,240.0,3,3
1447,157900.0,5,1188,1,1962,1.0,312.0,3,3
1448,240000.0,8,2090,2,1995,2.0,556.0,2,2
1449,112000.0,4,1346,1,1910,1.0,384.0,3,1
1450,92000.0,5,630,1,1970,0.0,0.0,3,2
1451,136000.0,5,1792,2,1974,0.0,0.0,3,2
1452,287090.0,8,1578,2,2008,3.0,840.0,2,2
1453,145000.0,5,1072,1,2005,2.0,525.0,3,2
1454,84500.0,5,1140,1,2006,0.0,0.0,3,2
1455,185000.0,7,1221,2,2004,2.0,400.0,2,2
1456,175000.0,6,1647,2,1999,2.0,460.0,3,2
1457,210000.0,6,2073,2,1978,2.0,500.0,3,2
1458,266500.0,7,2340,2,1941,1.0,252.0,0,3
1459,142125.0,5,1078,1,1950,1.0,240.0,3,3
1460,147500.0,5,1256,1,1965,1.0,276.0,2,3
